id,text
G151,"sp tốt, sẽ giới thiệu cho bạn bè"
G152,Nhà mình dùng thấy tốt bếp chưa thấy có vấn đề gì!
G153,Ngoài việc chờ máy lạnh lâu. . và nhân viên lắp đặt tệ. Thì 1 sao là quá gê rồi. Nếu có 0 sao thì dmx 0 sao nhá.
G154,"Máy giặt không có chế độ giặt riêng, yêu cầu đổi máy"
G155,Ko dc như mong muốn và bên giao hàng ko có tôn trọng khách hàng
G156,"Máy nén kêu kẹt kẹt, rất khó chịu"
G157,"Tủ ko hao điện , chạy êm , mẫu mã bền đẹp , nhân viên chăm sóc nhiệt tình thân thiện"
G158,Mấy cái gói 12th tặng không có tài khoản để đăng nhập vào sử dụng đc
G159,Mua được hơn 1 tháng tủ lạnh cứ kêu cọc cọc là sao vậy ạ . Mong được phản hồi sớm. Trân trọng
G160,Lâu lâu chạm vào mặt ngoài tủ lạnh thì bị giật nhẹ
G161,Quạt xài ok
G162,Huhu nó k lạnh cứu mình với
G163,"Mua hàng nhận từ chủ nhật ngày 24/8 mà đến hnay ngày 27/8 vẫn chưa lắp đặt, thợ hẹn hôm sau mà mấy hôm rồi không đến, gọi không thèm nghe máy, chả nhẽ mua máy về vất xó nhà."
G164,"Thấy tủ đẹp,sang,thương hiệu lớn chốt ngay ko hề đắn đo về giá cả,giờ thì hối hận ko kịp,ngăn đá thì lm đá lâu đông,giờ thì xài đc 1 năm mấy tủ chạy bthg nhưng ngăn mát và ngăn đông lạnh bên trong không còn nge lạnh và đông đá nửa chưa đc 2 năm hư cha nó r quá thất vọng về sản phẩm.mn có ý định mua tủ này thì nên cân nhắc nhé."
G165,"Tủ đem về ngày đâu chạy mức trung bình thì đông đá bình thường, đến ngày 2 và ngày 3 thì máy có dấu hiệu chạy nhưng không lạnh nữa, không đông đá nữa, yêu cầu được giải đáp hoặc đến kiểm tra giúp, thank."
G166,Hôm trước vừa gắn xong chạy cũng ok nhưng sao ĐMX lắp máy lạnh không có hút chân không vậy Thiếu bước hút chân không rồi
G167,DÙng tốt.tiết kiệm điện
G168,Dùng tốt có điều hơi yếu một chút
G169,Máy bị lỗi liên tục....Nhân viên ĐMX k chịu hoàn tiền ..đổi đến cây thứ 4 mới sài đượcNước lọc ra uống k được ngọt như những cây khác
G170,Quạt dùng ok lắm
G171,"Sản phẩm quá yếu ,giặt mấy bộ đồ của trẻ em mà báo quá tải rồi dừng,nhân viên đến cũng không giải quyết được gì,giải thích cảm biết báo quá tải mà có đồ gì đâu,vài bộ áo trẻ em"
G172,Nồi nấu nhanh
G173,kêu to ồn
G174,"Mình đã mua sp, ban đầu dùng rất oki, nhưng mới dùng chưa đc 1 tuần thì nó kêu to cạch cạch"
G175,Quạt chạy êm nhưng tốc độ làm mác không mạnh
G176,Ngày nào cũng được ăn cơm cháy :)))
G177,Cục nóng kêu to
G178,"máy tốt, chân hơi khập khiểng"
G179,Cơm mình nấu buổi sáng do vội chưa làm đồ ăn kịp không ăn cơm sáng vẫn để nguyên nồi giữ ấm tới chiều nhưng cơm vẫn bị thiêu
G180,"Máy chạy êm, ổn định. Có điều nước thải ra hơi nhiều"
G181,Sao mình mới mua dc 1 tuần tủ bị hư ron. Không thể tin được luôn. Muốn liên hệ bảo trì máy thì sao ad
G182,"Sao nó i như cái quạt gió tắt quạt là hết lạnh vậy ,"
G183,Quạt mới mua dc hơn 1 tháng mà đã kêu ro ro. Phản hổi cho điện máy xanh eaning thì quá tệ. Bắt đem ra tận nơi gửi đi bảo hành 2 tuần. Hỏi thế trong lúc bảo hành có quạt thay thế để khách hàng sài không thì kêu không. Chăm sóc khách hàng quá tệ. Bảo sao mất khách. Uổng công ủng hộ điện máy xanh rất nhiều sản phẩm. Thề không bao giờ quay lại
G184,"Tôi mua giá hơn 3 triệu, sử dụng được 4 tháng đèn cảm ứng sáng loạn xạ, bật hay tắt gì vẫn sáng, nút chế độ lạnh thì không sáng. Gọi bảo hành thì bảo phải mang máy về hãng sửa tầm 15 ngày, vậy 15 ngày trời nóng như thiêu đốt thế này thì lấy đâu ra quạt, bên ĐMX không hỗ trợ sữa tại chỗ, cũng không có biện pháp đưa quạt cũ tạm thay thế trong thời gian bảo hành. Sản phẩm tệ không nên mua. Chính sách bảo hành cùi bắp"
G185,Tủ vận hành êm làm lạnh nhanh nhưng 2 bên hong tủ tỏ nhiệt rất nóng chạm vào muốn phỏng tay
G186,bếp sài tốt nha nóng nhanh nhỏ gọn
G187,"minh biêt cai gi cung co thơi gian sư dung, nhưng vơi gia nay ma minh sư dung gân 1 năm thi gay tay câm,han bao hanh la thang 10 va vưa hêt han bao hanh 2 thang thi ko lên điên nưa."
G188,Không hề ưng ý 1 xíu nào !!! Ban đầu mình mua cây kangaroo nhưg bị gãy trục đổi đến lần thứ 2 vẫn lỗi ! Đến lần thứ 3 thì bảo hết hàng nói mình đổi cây khác và được nv tư vấn lấy cây này !! mua về sử dụng ngủ mà nó ồn khôg thể tưởng ! chưa kể mới sử dụng mà quạt nge hơi ẩm mốc như máy cũ !! mở lên thì dù chỉ tốc độ nhỏ nhất vẫn văng nước !! remote từ xa mà để sát mới ăn vậy làm remote làm gì ! TỆ HƠN CHỮ TỆ
G189,Đun lâu sôi đợi 10p k sôi nổi
G190,Sài cũng tạm ổn
G191,Cho hỏi khoảng 1l nước chế độ trung bình thì bao lâu sôi . Mới đầu thấy nhanh mà giờ lâu quá
G192,"Máy lạnh mua chưa được 1 tháng báo lỗi, nhân viên bên DMX cứ xuống kiểm tra 2 lần mà vẫn bị kêu to vậy mà không chịu đổi cứ làm mất thời gian, điện tổng đài khiếu nại thì cứ hứa lèo hẹn tới hẹn lui quài đi làm bắt về quai không uy tín nha mọi người."
G193,"cục nóng không có chân đế cao su máy rất rung và cực kỳ ồn, rất là ồn chất lượng quá tệ so với tầm giá ở trong phòng mà nó ầm ầm luôn lam phong trần nhà kêu mún bật ra vậy đấy"
G194,"mua dùng ổn, máy chạy bình thường chưa thấy vấn đề gì."
G195,"Tủ 4 cánh mà giá úa tốt, xử lý mùi tủ lạnh ưng ý như quảng cáo"
G196,"Mới lắp sd ok, nhưng chạy chưa được 1 tháng cục nóng chạy ồn, phiền hàng xóm quá."
G197,Nồi nấu cơm rất ngon
G198,Rất hài lòng
G199,Cam on toi rat hai long
G200,Quá tệ Từ dịch vụ bảo hành đến sản phẩm nếu đc 0 sao tôi vẫn sẵn sàng đánh giá
