id,text,label_human_2
G001,Tủ mua gần 1 tháng . Sd kêu tích tích khoảng 5 10p lại kêu . Là bị s v ạ,Neg,
G002,Hôm nay chi mới sd rất ok nhân viên tư vấn rất nhiêt tình,Pos,
G003,"Bị đọng nước ngăn mát, đang nhờ bảo hành",Neg,
G004,Âm thanh tốt,Pos,
G005,Hút bụi mịn rất ok luôn.,Pos,
G006,Mua xong về cắm cơm cứ 5phút là bị nhảy nút sang chế độ ủ đã đổi cái mới nhưng về vẫn bị i chang kb phải làm sao đây,Neg,
G007,"Quá tệ. Hỏng ngay trong tuần. Bảo hành hơn tháng, vẫn cứ hẹn. K nên mua hàng dmx",Neg,
G008,"Mua vào dịp có khuyến mãi,giá cả hợp lý,nhân viên tư vấn nhiệt tình,tận tâm,quản lý cửa hàng thân thiện",Pos,
G009,Máy hút nệm giường rất tốt hút mạnh,Pos,
G010,"Nhan viên lắp máy k sử dụng dây Jin mới của máy . Dây Jin moi mang về trong khi dây máy củ đã hư , chính vì dây máy củ hư nên chúng tôi moi đi mua may moi thay thế",Neg,
G011,Sản phẩm tốt tôi thấy hài lòng,Pos,
G012,Nồi tiện lợi mn nên mua. Mình mua vào đợt sale nên giá cũng hợp lý,Pos,
G013,Đừng thấy nhiều người mà chọn. Máy rất tệ. Bị lỗi gì không biết nhưng nước cứ rò rỉ vào lúc không giặt. Sửa 4 lần không hết. Mới mua 2 tháng,Neg,
G014,Hang dung rat ô kê,Pos,
G015,"Máy dùng cho nhà rộng ít đồ đạc thì được, cũng thích vẻ ngoài, dễ sử dụng, nhà mà ít người đi lại thì máy dọn mới sạch, hoạt động cũng không êm lắm",Neu,
G016,Giao hàng quá lâu cứ hẹn hết lần này tới lần khác,Neg,
G017,Tủ OK nhưng đóng tuyết cả ngăn mát Hài lòng về cách phục vụ khách hàng của điện máy xanh,Pos,
G018,Làm ăn gian dối lừa gạt khách hàng . Tư vấn bán hàng bảo hành 2 năm nhưng kích hoạt chỉ có 1 năm,Neg,
G019,Nước rò rỉ nhiều,Neg,
G020,"Tôi có mua onl 2 cái mà giao cả 2 đều lỗi, tôi yêu cầu kiểm tra, tôi mới nhận sp có 9 tiếng, giờ vẫn bảo hành nhưng phải mang ra cửa hàng biết thế tui đã k đặt.",Neg,
G021,Khi máy hoạt động âm thanh rất to cứ như máy sấy tóc vậy,Neg,
G022,Phần cơm dưới đáy nồi dễ bị cháy.,Neg,
G023,Ủa sao để giá 3990k. Mjh mua hôm qua tại điện máy xanh phường hóa an TP Biên Hòa giá 4290k,Neg,
G024,"Ib để tư vấn mãi k thấy nên đành phải mua,mua về bé tí gió thì ít",Neg,
G025,"Tốt, nhưng thợ lắp khoang 3 lổ tường lấy 100k /lổ tường 20cm là sao vậy",Neg,
G026,Mới mua hôm nay vê giặt thử nó ồn lắm luôn Do máy hay do bị gi k bt,Neg,
G027,"Máy giặt cũng im, ít rung, để nước giặt nhiều thì bọt bị trào.Đang đổi loại nước giặt Omo matic giành cho lòng ngang.Đang theo dõi thêm",Neu,
G028,"Dịch vụ tốt, chuyên nghiệp",Pos,
G029,"Mức giá chưa tới 15 triệu cho tủ lạnh Multidoor, App thông minh, mặt kính đen Đây là món hời",Pos,
G030,Quat xài rất tệTiếng ồnLàm mát nước bắn ra ngoàiMới mua xài được mấy tháng mà hư giờ mới lên đánh giá,Neg,
G031,Thấy bình thường. Ko biết có lọc thật ko nữa,Neg,
G032,Mới mùa chưa tới 1 tháng đá hư gọi bên báo hanh tu lanh họ không hư gì cả,Neg,
G033,Mua 2 tủ Sài đc gần 2 năm mỗi tủ hư gần 6 lầnBảo hành thì hẹn cả tuần mới sửa dc,Neg,
G034,để đá không đông nhân viên đã hỗ trợ đổi tủ khác vẫn y như cũ ngăn đá tận 3 ngày vẫn không đôngmua điện máy xanh 7năm rồi lần này thất vọng quá,Neg,
G035,Tủ nhanh lạnh. Thực phẩm đc giữ tươi lâu hơn. Tủ chạy êm k ồn lắm.,Pos,
G036,Nấu nhiệt độ 2000 mà rất lâu sôi,Neg,
G037,Quạt chạy hơi ồn. Tiếng gió vù vù nhưng lại k mát như như mong đợi!,Neg,
G038,Dùng k ổn định. Gãy chân bánh xe,Neg,
G039,Bên điện máy xanh thì chuyển 5m ống bằng 200k phiếu mua hàng . Thợ lắp thì liên hệ đưa stk chuyển khoản 300k. Do không dùng ống đồng. Chả hiểu bên điện máy xanh với bên thợ lắp đặt làm ăn kiểu gì mà mỗi bên 1 ý.khiếu nại lên tổng đài thì hẹn hết ngày này sang ngày khác . Giờ tôi yêu cầu trả đủ cho tôi 5m ống đồng. Việc rất nhỏ mà giải quyết rườm dà phức tạp ảnh hưởng đến cviec của Kh,Neg,
G040,"Quạt êm , mát ạ",Pos,
G041,Tivi xài chưa đc 1 tuần đã bị lỗi .hẹn xuống xử lý hứa lần hứa lựA .,Neg,
G042,Trước mắt thì thấy tủ chạy êm làm đá nhanh mẫu mã đẹp.,Pos,
G043,Cho mình hỏi máy lọc nước từ dùng 60k nước sạch giờ lên 150k nước sạch thì có bị hao nước quá không ạ. Do sinh hoạt là dùng nước giếng chỉ sài mỗi lọc nước là nước máy thui,Neu,
G044,"Hàng đẹp, giao nhanh, sử dụng tốt.",Pos,
G045,Vừa mua tận nơi tại Điện Máy Xanh Cẩm Phả với giá 7490k.vào web xem lại mua online 6600k.mua xong rồi ấm ức. Nhân viên ko tư vấn hết quyền lợi cho khách hàng. Cảm thấy như bị lừa,Neg,
G046,"Máy đẹp, hút sạch bụi giường, tiếng máy khá êm. Giao hàng nhanh. Rất hài lòng.",Pos,
G047,"Máy giặt khá lâu mới hoàn thành, lực giặt không mạnh lắm. Với giá tiền thì cũng khá ổn rồi.",Neu,
G048,Tủ mới mua về thì tiếng ồn bạn đêm gặp ở trọ chịu k nổi gặp ở trọ ban đêm nó kêu o o o o chịu k nổi lúc mua 18/04/2/24 thì bên bảo hành gọi điện thoại bảo tủ mới chưa đủ lạnh mà giờ mấy tháng rồi cũng vẫn như zậy xin được hỗ trợ e ạ Càng về khuya thì tiếng ồn càng lớn mà kêu ngay trên khu vực ngăn đông nhiều hôn kêu như cơm sôi zậy xin đc hỗ trợ,Neg,
G049,con này kêu to thật cứ ù ù như trực thăng,Neg,
G050,Mua mới hơn tháng đã lỗi cảm ứng,Neg,
G051,tôi mới mua máy hôm 11/4/2026 không thấy được tặng quạt đứng media,Neg,
G052,"Sản phẩm tốt, vẻ ngoài cũng đẹp, dễ sử dụng, sử dụng cũng sạch tốt",Pos,
G053,Như máy điều hòa,Neu,
G054,"Mới mua nhưng hình như thiếu nhớt bôi trơn, quạt kêu",Neg,
G055,"Đến Mua Thì Nhiệt Tình, Đến Khi Bảo Hành Thì Hẹn Lúc Này Đến Lúc Khác, Khi Nhà Có Trẻ Em Mua Về Sử Dụng Mà Cứ Hứa Vào BH Mà Không Một Cuộc Gọi Để Kiểm Trả Sữa Chữa",Neg,
G056,"Tính mua cái to nhưng do chỗ để không vừa phải lấy cái bé. Lúc mua nghĩ chỉ xếp được ít bát đĩa nhưng về dùng mới thấy rửa được rất nhiều, xếp được cả nồi chảo rửa chung luôn. Rửa sạch và khô ráo. Rất hài lòng về sản phẩm",Pos,
G057,Máy lạnh tốt nhưng nhân viên đi đường dây điện quá xấu,Neu,
G058,"Mọi thứ khá ổn trừ cái nồi bên trong, chống dính cực kỳ tệ",Neg,
G059,Xài rất tiện lợi.,Pos,
G060,"Sản phẩm tốt , nhân viên bán hàng tư vấn nhiệt tình rất hài lòng bạn nhân viên",Pos,
G061,"Máy tạm ổn, thợ lắp rỉ ống nước, máy tự nhảy chế độ giặt. Báo lỗi thợ hẹn tới hẹn lui qua tận ngày hôm sau vẫn không đến sửa. Nguyên 1 ngày ngâm đồ trong máy, ngồi ở nhà chờ cuộc gọi để tới sửa máy. Nhân viên tổng đài gọi tới 3 lần vẫn hẹn, ko có hướng xử lí cụ thể, hẹn hoài bực bội quá sức. Từ 14h30 ngày hôm trước đến 10h sáng ngày hôm sau vẫn chỉ được 1 từ CHỜ, đi đúng tuyến sửa mới tới lượt mình. Chê",Neg,
G062,Mình mới nhận hàng lúc 15h ngày 17/10. Giờ mở ra xem thì nồi bị móp gần nốt nấu cơm. Như vậy là sao hả shop. Hàng lỗi nên khuyến mãi à.,Neg,
G063,Dịch vụ hậu mãi rất kém. Không tôn trọng khách hàng.,Neg,
G064,"Sử dụng gần 10 ngày rồi chứ thấy thất thường gì, sử dụng bình thường",Neu,
G065,Máy kêu to và ồn.,Neg,
G066,Đặt hàng 11h hôm trước bào hẹn lắp điều hoà 1820h hôm sau mà đến 19h hsau gọi ko lắp dc. Làm ăn vớ vẩn..,Neg,
G067,"Máy có bơm trơj lực nhưng nước ko mạnh, làm nóng nhanh.",Neu,
G068,Xài không tốt,Neg,
G069,kh ok 5sao ổn,Neu,
G070,Về dùng được 1 tiếng thì bắt đầu phát ra tiếng ồn,Neg,
G071,Chất lượng bình thường,Neu,
G072,Sản phẩm đúng chất lượng,Pos,
G073,"Đã mua được 2 tuần, xài thấy tốt, máy chạy êm, đồ giặt sạch và thơm, nói chung rất hài lòng. Muốn máy êm và giặt sạch, máy bền thì mọi người đừng nên giặt quá nhiều đồ, và vòng tua vắt chỉnh cỡ 10 ngàn vòng là vừa",Pos,
G074,Nấu nhanh nhưng gấm điện hâm lại bị cháy cơm,Neu,
G075,Bếp dung tốt mọi người nên mua mua hơn 2 năm vẫn ok,Pos,
G076,Chưa sài nên chưa biết,Neu,
G077,"Chạy quá ồn, không như mong đợi.",Neg,
G078,"Tôi muốn đổi mấy khác được không Thứ 1 chế độ đảo quá chậm, thứ 2 mấy nút điều khiển quay lên trên khi đổ nước ỏ trên nước lở tay nước văn ra là tràng vào cái nút điều khiển như 1 vũng nước kiểu lâu dài sẽ bị rò diện và hư mạch điều khiển. Đặt hàng mình chọn thì 10 ngày mới giao, nhờ nhân viên DMX tìm và tư vấn mấy giao sớm thì tư vấn cho cái đòng sp lỗi thiết kế. Ai có nhu cầu mua thì tiệt đối và không nên mua sản phẩm có bộ điều khiển quay lên trên trừ điều khiển cảm biến và có chỗ đỗ nước ở dưới rộng tí lổ đổ nước ở dưới mây này bé tí đổ vào nữa ra ngoài nữa. Xin lỗi vì che hơi nhiều nhưng nó đúng là vậy.",Neg,
G079,bếp nóng chậm. ko bằng bếp ga và bếp từ,Neg,
G080,"Nghe tiếng ồn, nhân viên bảo hành xuống không nhiệt tình vẫn chưa khắc phục được",Neg,
G081,Mới nấu 2 ngày nhưng lần nào nồi nấu cũng bị cháy cơm. Có thể hỗ trợ đổi trà được không ạ,Neg,
G082,Sản phẩm tốt - nấu cơm ngon,Pos,
G083,Đáy nồi dể trầy,Neg,
G084,Nói chung ok,Pos,
G085,"Sản phẩm mới mua sử dụng từ ngay 4/12 đến ngày 13 thì hỏng, các nút điều khiển không sử dụng được, liên hệ đơn vị bảo hành thì kêu mang lên đại lý kiểm tra, trong khi gd ko có thời gian mới đặt mua online",Neg,
G086,"Nấu cơm rất ngon. Cơm khô dẻo, rất ngon. Tôi đánh giá nồi đạt 4 sao nha.",Pos,
G087,"Mình mới mua sử dụng được 6 tháng thì lòng nồi bong tróc, có hỗ trợ lòng nồi k shop",Neu,
G088,Mình dùng chưa đến một năm nhưng mặt kính bếp bị vỡ thì có được bảo hành không ạ. Nếu không thì bên mình có hỗ trợ thay kính không và chi phí thay là bao nhiêu ạ,Neu,
G089,"Tôi mua dùng thấy oke nha mn, giao đúng thời gian đã báo trong phần đặt hàng, anh nhân viên lắp đặt được nhờ đến lắp đặt thân thiện với nhà tôi lắm, nói chug là oke quá lun mà ko bt máy có ăn điện nhìu không phải để tháng sau xem tiền điện giá rẻ nghe mn nói tốn điện lắm cũng sợ",Pos,
G090,"tủ hoạt động bình thường, từ hồi mua tới giờ xài rất ok",Pos,
G091,"Quạt quá ồn luôn, không biết khắc phục như thế nào vì tối rất khó ngủ",Neg,
G092,"Mình mua nồi đã qua sử dụng, nên không đánh giá cao được. Xài tạm ổn. Có trầy xước. Nấu tạm ổn nhé. Giá mua 180k cũng ok rồi.",Pos,
G093,"Nút mở ra k được trơn, tiếng kêu khi mở cánh lò vi sóng không êm, nghe hơi khó chịu",Neg,
G094,"Lò vi sóng sử dụng ổn, hâm đồ ăn nhanh, tiện lợi",Pos,
G095,Mới mua nhưng không có được tặng máy hút bụi,Neu,
G096,Đường dây đồng đi trên la phông rất ồn. kêu trong nhà rất khó chịu và ồn. Lâu lâu máy chạy kêu rất to k biết do máy hay do dây đồng trên la phông luôn ạ Giờ có cách nào k ạ,Neg,
G097,"Ngoại hình đẹp, sang trọng phù hợp nhiều không gian bếp. Thực phẩm được chiên, nướng nhanh. Tuy nhiên lớp chống dính không được cao cấp. Mới mua sử dụng lần đầu mà đã bị tróc ra mặc dù chưa qua vệ sinh. Hơi thất vọng",Neu,
G098,Tốt hơn với tưởng tượng.giá tốt chật lượng tốt,Pos,
G099,"Nhân viên bán hàng tư vấn không nhiệt tình, không tư vấn về sản phẩm, sản phẩm sài tạm ổn, mua được giá khuyến mãi.",Neu,
G100,Về không như tưởng tượng hút dính ga k đii được. Vừa hút vừa phải khéo mỏi tay! Bỏ vào tủ rồi k dùng được!,Neg,
