gold_id,review_id,product_id,category,text
G001,2eba40fba7d42f34,220325,tu-lanh,Tủ mua gần 1 tháng . Sd kêu tích tích khoảng 5 10p lại kêu . Là bị s v ạ
G002,093ddacd32b810bf,264374,robot-hut-bui,Hôm nay chi mới sd rất ok nhân viên tư vấn rất nhiêt tình
G003,8722b17d534d2840,115057,tu-dong,"Bị đọng nước ngăn mát, đang nhờ bảo hành"
G004,8d1a007a6f213512,281936,tivi,Âm thanh tốt
G005,b4a9aab79577b254,242719,may-hut-bui,Hút bụi mịn rất ok luôn.
G006,ac74b2f4e383b9a4,203417,noi-com-dien,Mua xong về cắm cơm cứ 5phút là bị nhảy nút sang chế độ ủ đã đổi cái mới nhưng về vẫn bị i chang kb phải làm sao đây
G007,06a8cfab47682cec,264374,robot-hut-bui,"Quá tệ. Hỏng ngay trong tuần. Bảo hành hơn tháng, vẫn cứ hẹn. K nên mua hàng dmx"
G008,5663b612a441e1db,217655,noi-com-dien,"Mua vào dịp có khuyến mãi,giá cả hợp lý,nhân viên tư vấn nhiệt tình,tận tâm,quản lý cửa hàng thân thiện"
G009,a6cbacb846456b9f,242719,may-hut-bui,Máy hút nệm giường rất tốt hút mạnh
G010,9838b479e46e7bca,225323,may-nuoc-nong,"Nhan viên lắp máy k sử dụng dây Jin mới của máy . Dây Jin moi mang về trong khi dây máy củ đã hư , chính vì dây máy củ hư nên chúng tôi moi đi mua may moi thay thế"
G011,3484f16dcd3e9260,202857,tu-lanh,Sản phẩm tốt tôi thấy hài lòng
G012,2866a91ae4aec028,251691,noi-chien-khong-dau,Nồi tiện lợi mn nên mua. Mình mua vào đợt sale nên giá cũng hợp lý
G013,999ea420be1f1000,310434,may-giat,Đừng thấy nhiều người mà chọn. Máy rất tệ. Bị lỗi gì không biết nhưng nước cứ rò rỉ vào lúc không giặt. Sửa 4 lần không hết. Mới mua 2 tháng
G014,9fc5e87422aed272,268452,quat,Hang dung rat ô kê
G015,7e3e8bb26dfcdb97,264374,robot-hut-bui,"Máy dùng cho nhà rộng ít đồ đạc thì được, cũng thích vẻ ngoài, dễ sử dụng, nhà mà ít người đi lại thì máy dọn mới sạch, hoạt động cũng không êm lắm"
G016,6ce442752c9baf72,312347,may-nuoc-nong,Giao hàng quá lâu cứ hẹn hết lần này tới lần khác
G017,2f3e1e1024350f70,291689,tu-dong,Tủ OK nhưng đóng tuyết cả ngăn mát Hài lòng về cách phục vụ khách hàng của điện máy xanh
G018,f6b3c76cf11f94c0,322936,may-lanh,Làm ăn gian dối lừa gạt khách hàng . Tư vấn bán hàng bảo hành 2 năm nhưng kích hoạt chỉ có 1 năm
G019,c5e029da377c7687,291689,tu-dong,Nước rò rỉ nhiều
G020,9065950e64ddd5da,268452,quat,"Tôi có mua onl 2 cái mà giao cả 2 đều lỗi, tôi yêu cầu kiểm tra, tôi mới nhận sp có 9 tiếng, giờ vẫn bảo hành nhưng phải mang ra cửa hàng biết thế tui đã k đặt."
G021,df31662231e9d792,233473,bep-tu,Khi máy hoạt động âm thanh rất to cứ như máy sấy tóc vậy
G022,9435df31ec784afb,189688,noi-com-dien,Phần cơm dưới đáy nồi dễ bị cháy.
G023,957a8ee0306334bc,199117,quat-dieu-hoa,Ủa sao để giá 3990k. Mjh mua hôm qua tại điện máy xanh phường hóa an TP Biên Hòa giá 4290k
G024,f5fb92851d6e620b,268448,quat,"Ib để tư vấn mãi k thấy nên đành phải mua,mua về bé tí gió thì ít"
G025,2ad26829d3d92109,321382,may-lanh,"Tốt, nhưng thợ lắp khoang 3 lổ tường lấy 100k /lổ tường 20cm là sao vậy"
G026,fb16e8ca699ac487,310434,may-giat,Mới mua hôm nay vê giặt thử nó ồn lắm luôn Do máy hay do bị gi k bt
G027,0a726c3dc6996b0b,316766,may-giat,"Máy giặt cũng im, ít rung, để nước giặt nhiều thì bọt bị trào.Đang đổi loại nước giặt Omo matic giành cho lòng ngang.Đang theo dõi thêm"
G028,09cf3325162c9c9e,304189,tu-lanh,"Dịch vụ tốt, chuyên nghiệp"
G029,d093cbb8f10dcec9,324574,tu-lanh,"Mức giá chưa tới 15 triệu cho tủ lạnh Multidoor, App thông minh, mặt kính đen Đây là món hời"
G030,d03a2a31e8c2d250,199117,quat-dieu-hoa,Quat xài rất tệTiếng ồnLàm mát nước bắn ra ngoàiMới mua xài được mấy tháng mà hư giờ mới lên đánh giá
G031,335ff83e678ecf09,314385,may-loc-khong-khi,Thấy bình thường. Ko biết có lọc thật ko nữa
G032,7ef162827d312372,220325,tu-lanh,Mới mùa chưa tới 1 tháng đá hư gọi bên báo hanh tu lanh họ không hư gì cả
G033,200f64c74dfa71df,304189,tu-lanh,Mua 2 tủ Sài đc gần 2 năm mỗi tủ hư gần 6 lầnBảo hành thì hẹn cả tuần mới sửa dc
G034,d0e67631d75e76d0,324574,tu-lanh,để đá không đông nhân viên đã hỗ trợ đổi tủ khác vẫn y như cũ ngăn đá tận 3 ngày vẫn không đôngmua điện máy xanh 7năm rồi lần này thất vọng quá
G035,70fc92ddbaa0c545,220325,tu-lanh,Tủ nhanh lạnh. Thực phẩm đc giữ tươi lâu hơn. Tủ chạy êm k ồn lắm.
G036,ad015a76f5fd43a7,271886,bep-hong-ngoai,Nấu nhiệt độ 2000 mà rất lâu sôi
G037,a189a5d21d934a5a,268452,quat,Quạt chạy hơi ồn. Tiếng gió vù vù nhưng lại k mát như như mong đợi!
G038,e12416bb3bd88ff9,199117,quat-dieu-hoa,Dùng k ổn định. Gãy chân bánh xe
G039,66c748079a96a2d3,321383,may-lanh,Bên điện máy xanh thì chuyển 5m ống bằng 200k phiếu mua hàng . Thợ lắp thì liên hệ đưa stk chuyển khoản 300k. Do không dùng ống đồng. Chả hiểu bên điện máy xanh với bên thợ lắp đặt làm ăn kiểu gì mà mỗi bên 1 ý.khiếu nại lên tổng đài thì hẹn hết ngày này sang ngày khác . Giờ tôi yêu cầu trả đủ cho tôi 5m ống đồng. Việc rất nhỏ mà giải quyết rườm dà phức tạp ảnh hưởng đến cviec của Kh
G040,3a3f24ab8f9a0f00,268452,quat,"Quạt êm , mát ạ"
G041,10a964c3489e2923,311367,tivi,Tivi xài chưa đc 1 tuần đã bị lỗi .hẹn xuống xử lý hứa lần hứa lựA .
G042,e57cf77329d0003e,220326,tu-lanh,Trước mắt thì thấy tủ chạy êm làm đá nhanh mẫu mã đẹp.
G043,eafe7694cf3cde55,311458,may-loc-nuoc,Cho mình hỏi máy lọc nước từ dùng 60k nước sạch giờ lên 150k nước sạch thì có bị hao nước quá không ạ. Do sinh hoạt là dùng nước giếng chỉ sài mỗi lọc nước là nước máy thui
G044,093a586473158c29,69080,lo-vi-song,"Hàng đẹp, giao nhanh, sử dụng tốt."
G045,ecdfec752bafdcdc,220325,tu-lanh,Vừa mua tận nơi tại Điện Máy Xanh Cẩm Phả với giá 7490k.vào web xem lại mua online 6600k.mua xong rồi ấm ức. Nhân viên ko tư vấn hết quyền lợi cho khách hàng. Cảm thấy như bị lừa
G046,c38c880bec713edf,242719,may-hut-bui,"Máy đẹp, hút sạch bụi giường, tiếng máy khá êm. Giao hàng nhanh. Rất hài lòng."
G047,17b1615a180693c0,313393,may-giat,"Máy giặt khá lâu mới hoàn thành, lực giặt không mạnh lắm. Với giá tiền thì cũng khá ổn rồi."
G048,41c5528460f7a777,220326,tu-lanh,Tủ mới mua về thì tiếng ồn bạn đêm gặp ở trọ chịu k nổi gặp ở trọ ban đêm nó kêu o o o o chịu k nổi lúc mua 18/04/2/24 thì bên bảo hành gọi điện thoại bảo tủ mới chưa đủ lạnh mà giờ mấy tháng rồi cũng vẫn như zậy xin được hỗ trợ e ạ Càng về khuya thì tiếng ồn càng lớn mà kêu ngay trên khu vực ngăn đông nhiều hôn kêu như cơm sôi zậy xin đc hỗ trợ
G049,648528ad36fe22bd,321383,may-lanh,con này kêu to thật cứ ù ù như trực thăng
G050,ca17f24c2a456a7b,272138,quat-dieu-hoa,Mua mới hơn tháng đã lỗi cảm ứng
G051,3cb4829662eddb5e,322936,may-lanh,tôi mới mua máy hôm 11/4/2026 không thấy được tặng quạt đứng media
G052,0ad419be2814c357,264374,robot-hut-bui,"Sản phẩm tốt, vẻ ngoài cũng đẹp, dễ sử dụng, sử dụng cũng sạch tốt"
G053,5199e10f9550f787,272138,quat-dieu-hoa,Như máy điều hòa
G054,28134e6a8cb859a0,268452,quat,"Mới mua nhưng hình như thiếu nhớt bôi trơn, quạt kêu"
G055,bd5167a5459d5622,272138,quat-dieu-hoa,"Đến Mua Thì Nhiệt Tình, Đến Khi Bảo Hành Thì Hẹn Lúc Này Đến Lúc Khác, Khi Nhà Có Trẻ Em Mua Về Sử Dụng Mà Cứ Hứa Vào BH Mà Không Một Cuộc Gọi Để Kiểm Trả Sữa Chữa"
G056,71cc830a152d95ee,320592,may-rua-chen,"Tính mua cái to nhưng do chỗ để không vừa phải lấy cái bé. Lúc mua nghĩ chỉ xếp được ít bát đĩa nhưng về dùng mới thấy rửa được rất nhiều, xếp được cả nồi chảo rửa chung luôn. Rửa sạch và khô ráo. Rất hài lòng về sản phẩm"
G057,abcbf95ad077d073,321383,may-lanh,Máy lạnh tốt nhưng nhân viên đi đường dây điện quá xấu
G058,fe2c245df6bfe2cf,152969,noi-com-dien,"Mọi thứ khá ổn trừ cái nồi bên trong, chống dính cực kỳ tệ"
G059,ff2efcec5178b572,251691,noi-chien-khong-dau,Xài rất tiện lợi.
G060,9bea1602c22c4415,199064,may-loc-khong-khi,"Sản phẩm tốt , nhân viên bán hàng tư vấn nhiệt tình rất hài lòng bạn nhân viên"
G061,35952c45d8283355,310434,may-giat,"Máy tạm ổn, thợ lắp rỉ ống nước, máy tự nhảy chế độ giặt. Báo lỗi thợ hẹn tới hẹn lui qua tận ngày hôm sau vẫn không đến sửa. Nguyên 1 ngày ngâm đồ trong máy, ngồi ở nhà chờ cuộc gọi để tới sửa máy. Nhân viên tổng đài gọi tới 3 lần vẫn hẹn, ko có hướng xử lí cụ thể, hẹn hoài bực bội quá sức. Từ 14h30 ngày hôm trước đến 10h sáng ngày hôm sau vẫn chỉ được 1 từ CHỜ, đi đúng tuyến sửa mới tới lượt mình. Chê"
G062,cbaa7ed8f8265677,152969,noi-com-dien,Mình mới nhận hàng lúc 15h ngày 17/10. Giờ mở ra xem thì nồi bị móp gần nốt nấu cơm. Như vậy là sao hả shop. Hàng lỗi nên khuyến mãi à.
G063,49462aeec548453d,320594,may-rua-chen,Dịch vụ hậu mãi rất kém. Không tôn trọng khách hàng.
G064,0107521080d02519,212156,lo-vi-song,"Sử dụng gần 10 ngày rồi chứ thấy thất thường gì, sử dụng bình thường"
G065,5bf08d0a2f8e1810,314932,may-loc-nuoc,Máy kêu to và ồn.
G066,bf14d3b34c474191,322936,may-lanh,Đặt hàng 11h hôm trước bào hẹn lắp điều hoà 1820h hôm sau mà đến 19h hsau gọi ko lắp dc. Làm ăn vớ vẩn..
G067,8e770d6a13e0d4bf,286051,may-nuoc-nong,"Máy có bơm trơj lực nhưng nước ko mạnh, làm nóng nhanh."
G068,69d77ba668def929,199117,quat-dieu-hoa,Xài không tốt
G069,a55bbe8612535cb3,337726,tivi,kh ok 5sao ổn
G070,664cc2bee1f775eb,321978,quat-dieu-hoa,Về dùng được 1 tiếng thì bắt đầu phát ra tiếng ồn
G071,3e94a5ec16219e07,299824,may-lanh,Chất lượng bình thường
G072,748a11ebcacd09fd,268452,quat,Sản phẩm đúng chất lượng
G073,9a363aeff47d577d,316766,may-giat,"Đã mua được 2 tuần, xài thấy tốt, máy chạy êm, đồ giặt sạch và thơm, nói chung rất hài lòng. Muốn máy êm và giặt sạch, máy bền thì mọi người đừng nên giặt quá nhiều đồ, và vòng tua vắt chỉnh cỡ 10 ngàn vòng là vừa"
G074,a1d1ed9256f3f790,217655,noi-com-dien,Nấu nhanh nhưng gấm điện hâm lại bị cháy cơm
G075,25eb0c16817f4693,227506,bep-hong-ngoai,Bếp dung tốt mọi người nên mua mua hơn 2 năm vẫn ok
G076,e1d400bf5b46b933,233473,bep-tu,Chưa sài nên chưa biết
G077,99e73fe472bcd600,212156,lo-vi-song,"Chạy quá ồn, không như mong đợi."
G078,4ae0960d34aff491,320996,quat-dieu-hoa,"Tôi muốn đổi mấy khác được không Thứ 1 chế độ đảo quá chậm, thứ 2 mấy nút điều khiển quay lên trên khi đổ nước ỏ trên nước lở tay nước văn ra là tràng vào cái nút điều khiển như 1 vũng nước kiểu lâu dài sẽ bị rò diện và hư mạch điều khiển. Đặt hàng mình chọn thì 10 ngày mới giao, nhờ nhân viên DMX tìm và tư vấn mấy giao sớm thì tư vấn cho cái đòng sp lỗi thiết kế. Ai có nhu cầu mua thì tiệt đối và không nên mua sản phẩm có bộ điều khiển quay lên trên trừ điều khiển cảm biến và có chỗ đỗ nước ở dưới rộng tí lổ đổ nước ở dưới mây này bé tí đổ vào nữa ra ngoài nữa. Xin lỗi vì che hơi nhiều nhưng nó đúng là vậy."
G079,e5304cefdf1a66f4,227506,bep-hong-ngoai,bếp nóng chậm. ko bằng bếp ga và bếp từ
G080,39ab5468b5a47063,220326,tu-lanh,"Nghe tiếng ồn, nhân viên bảo hành xuống không nhiệt tình vẫn chưa khắc phục được"
G081,9c5b67cfa0eb5e59,217655,noi-com-dien,Mới nấu 2 ngày nhưng lần nào nồi nấu cũng bị cháy cơm. Có thể hỗ trợ đổi trà được không ạ
G082,44c378c57064b2d2,203417,noi-com-dien,Sản phẩm tốt - nấu cơm ngon
G083,d3feada7d289935c,189688,noi-com-dien,Đáy nồi dể trầy
G084,742028205f7e3e26,271886,bep-hong-ngoai,Nói chung ok
G085,202866b09b127e8f,271886,bep-hong-ngoai,"Sản phẩm mới mua sử dụng từ ngay 4/12 đến ngày 13 thì hỏng, các nút điều khiển không sử dụng được, liên hệ đơn vị bảo hành thì kêu mang lên đại lý kiểm tra, trong khi gd ko có thời gian mới đặt mua online"
G086,a5f11aa926278e98,189688,noi-com-dien,"Nấu cơm rất ngon. Cơm khô dẻo, rất ngon. Tôi đánh giá nồi đạt 4 sao nha."
G087,e2ad7b96e8d77e86,217655,noi-com-dien,"Mình mới mua sử dụng được 6 tháng thì lòng nồi bong tróc, có hỗ trợ lòng nồi k shop"
G088,33c9ca3e5c8dda85,271888,bep-hong-ngoai,Mình dùng chưa đến một năm nhưng mặt kính bếp bị vỡ thì có được bảo hành không ạ. Nếu không thì bên mình có hỗ trợ thay kính không và chi phí thay là bao nhiêu ạ
G089,ab4c7a9ef1c690bb,320893,may-lanh,"Tôi mua dùng thấy oke nha mn, giao đúng thời gian đã báo trong phần đặt hàng, anh nhân viên lắp đặt được nhờ đến lắp đặt thân thiện với nhà tôi lắm, nói chug là oke quá lun mà ko bt máy có ăn điện nhìu không phải để tháng sau xem tiền điện giá rẻ nghe mn nói tốn điện lắm cũng sợ"
G090,d2fd1de2805eae3b,291689,tu-dong,"tủ hoạt động bình thường, từ hồi mua tới giờ xài rất ok"
G091,75d8b85c1d5cbefc,322619,quat,"Quạt quá ồn luôn, không biết khắc phục như thế nào vì tối rất khó ngủ"
G092,463e9179fa45e35f,203417,noi-com-dien,"Mình mua nồi đã qua sử dụng, nên không đánh giá cao được. Xài tạm ổn. Có trầy xước. Nấu tạm ổn nhé. Giá mua 180k cũng ok rồi."
G093,3b7bd229142f955d,69080,lo-vi-song,"Nút mở ra k được trơn, tiếng kêu khi mở cánh lò vi sóng không êm, nghe hơi khó chịu"
G094,829dfa0d71f8a0ae,316864,lo-vi-song,"Lò vi sóng sử dụng ổn, hâm đồ ăn nhanh, tiện lợi"
G095,31d970e04de8591d,281936,tivi,Mới mua nhưng không có được tặng máy hút bụi
G096,e6058de9534c0c82,320893,may-lanh,Đường dây đồng đi trên la phông rất ồn. kêu trong nhà rất khó chịu và ồn. Lâu lâu máy chạy kêu rất to k biết do máy hay do dây đồng trên la phông luôn ạ Giờ có cách nào k ạ
G097,ad77c58676b31a11,275125,noi-chien-khong-dau,"Ngoại hình đẹp, sang trọng phù hợp nhiều không gian bếp. Thực phẩm được chiên, nướng nhanh. Tuy nhiên lớp chống dính không được cao cấp. Mới mua sử dụng lần đầu mà đã bị tróc ra mặc dù chưa qua vệ sinh. Hơi thất vọng"
G098,6f16f44363775ab5,281936,tivi,Tốt hơn với tưởng tượng.giá tốt chật lượng tốt
G099,54bea84cf020ca1c,311367,tivi,"Nhân viên bán hàng tư vấn không nhiệt tình, không tư vấn về sản phẩm, sản phẩm sài tạm ổn, mua được giá khuyến mãi."
G100,5179390580ccaa2e,242719,may-hut-bui,Về không như tưởng tượng hút dính ga k đii được. Vừa hút vừa phải khéo mỏi tay! Bỏ vào tủ rồi k dùng được!
G101,31c168469ffb8b33,311367,tivi,"Treo đầu dê bán thịt chó, bảo là có tặng 3 tháng xem free prenium vion xong đến khi vào k đc thì bảo là gói nó chỉ có v từ giờ đừng mua gì bên này nữa nhé mn"
G102,18b1d0736ec26d1f,325006,may-loc-nuoc,Vừa mua cách đây vài ngày giá 6190 nay giảm 5690 khá thất vọng.
G103,d0f883f369658c63,313393,may-giat,Mới mua mà chưa biết chọn chương trình giặt chăn màn và quần áo trẻ em
G104,52ddfb82fa599ff0,251691,noi-chien-khong-dau,"Sử dụng ổn, tuy nhiên vẫn có mùi nhựa khi nướng đồ ăn"
G105,b3902de17962a0d6,337726,tivi,dùng cũng được
G106,15ec96fef795e04b,71823,lo-vi-song,"Bề mặt khoang lò bằng inox nên lau chùi rất rễ, bền. Có nướng đối lưu cho món nướng tiện lợi."
G107,0098b73196ec700c,272138,quat-dieu-hoa,"Quạt bị loạn cảm ứng, cứ 5p là kêu tít tít, rất khó chịu mọi người không nên mua rất phí tiền, đổi thì lại mất tiền"
G108,0e0a29865784c066,313393,may-giat,Không nên mua loại này máy mới mua giặt lần thứ hai báo lỗi 13 không vắt cứ xả liên tục
G109,b784436fb3fe62d3,291689,tu-dong,"tủ hoạt động tốt, mà mình cảm thấy không được làm lạnh lắm"
G110,4b63048852b5bd03,286052,may-nuoc-nong,máy chạy tốt
G111,ccdc05e8a07f3ecc,310253,may-say-quan-ao,"Máy tốt so với tầm giá, bạn nào mới giặt xong nên để thêm chế độ tăng cường tầm 2h là khô, mình thì toàn phơi trước xong cho vào sấy tầm 1 tiếng là ổn"
G112,64fd3baca68107b1,321383,may-lanh,"Máy mới mua được 10 ngày mà sử dụng máy không lạnh, liên hệ kỹ thuật và hãng xuống kiểm tra mà vẫn chưa xử lý xong, quá thất vọng"
G113,6eaed25f28ec3a20,264374,robot-hut-bui,Tôi hài lòng với sp
G114,4f88d0273058dc7e,268448,quat,"Quạt dùng êm, mát."
G115,dd85b5e055268acb,321383,may-lanh,Tệ hơn daikin. Cục nóng chạy kêu khó chịu
G116,a7ba1b2985b268f6,199117,quat-dieu-hoa,"quạt kêu to quá, rung lắc, bơm nước nghe tiếng bơm, bơm bị trào nước, văng nước ra ngoài làm ướt hết sàn. Đang muốn bán lại đổi cái mới :("
G117,7647ac875691fe1f,321382,may-lanh,Mình mới mua được 3 tuần máy chạy thì ok êm nhưng mình cảm là chỉ mát 1 chỗ xung quanh thì ko mát nha ko hiểu
G118,b66981b7d24484af,275125,noi-chien-khong-dau,"Chưa thử nên chưa biết thế nào , giao hàng rất nhanh"
G119,3ac46c7d6916a89a,199117,quat-dieu-hoa,"Mới phát hiện bị rò điện ngày hôm nay. 24/04/2024Mua ngày 24/04/2023.Khiếu nại ngày 25/04 hết bảo hành. Bây giờ cần DMx tư vấn bán lại hay ntn, dùng này nguy hiểm quá"
G120,e80e94cbb522f388,251691,noi-chien-khong-dau,Rất ưng bụng ạ
G121,a2d50b24f984ed80,314932,may-loc-nuoc,Cho đến Hiện tại Tốt lắm
G122,abda45e6256c8ead,152969,noi-com-dien,"Nồi từ lúc mua về nấu đã có mảng cơm cháy dính dưới đáy nồi, còn nắp bị hở thì giờ mình mới để ý thấy sau khi đọc các đánh giá khác về nồi"
G123,64d380235a2a4cc0,271886,bep-hong-ngoai,lần đầu sdung may chạy ok nhanh nóng
G124,2c6a32b57f4ad428,286052,may-nuoc-nong,"máy tốt , okeee"
G125,bf2112e1b60e7bab,299824,may-lanh,"Mua máy được 15 ngày, máy không lạnh ngày nào, chỉ ra gió 1 góc nhỏ, gọi bảo hành, thì cho người xuống coi xong gọi hãng xuống coi, hãng báo do chân không, bên lắp đặt cũng qua sửa chữa vụ chân không, giờ còn tệ hơn, gọi tổng đài cứ hẹn, check thử tiền điện 15 ngày trung bình hơn 10kg 1 ngày, không thể tin được, máy không lạnh mà điện sài gấp 3 lần bình thường, trải nghiệm tệ hại"
G126,fc55af021f186450,220325,tu-lanh,Tủ lạnh tốt nhân viên nhiệt tình giao hàng nhanh
G127,4bdd476b45a94bc0,313393,may-giat,Chỉ chọn vắt sao máy cứ xả nước giặt r mới vắt v
G128,95402a139bc4a458,220325,tu-lanh,Có cách nào để chỉnh nhiệt độ ngăn đông mềm k ạ. Vì tôi ktra thấy nhiệt độ ngăn đông mềm cũng như ngăn mát. K có gì khác nhau.
G129,ce851cc3fbf56650,316864,lo-vi-song,"hàng chuẩn, tốt"
G130,5f2a0ef74b0f9a73,286051,may-nuoc-nong,Nước chảy qua máy yếu hơn nước trực tiếp
G131,20d2798d5c5543e8,314932,may-loc-nuoc,"Đã sử dụng 0.5 tháng, nóng lạnh oki. Nhân viên nhiệt tình."
G132,87fcd8d27a2d43f7,220326,tu-lanh,"Sử dụng 10 ngày đầu tiên thì bình thường, đến ngày thứ 11 thì tủ lạnh hoạt động khoảng từ 6 giờ đến 12 giờ thi ngừng hoạt động ngăn đông chưa đóng tuyết, khoảng 1 giờ sau thì tủ lạnh mới hoạt động lại lúc này nước đá trong ngăn đông đã tan ra khoảng 10%, kĩ thuật viên bảo hành ủy quyền của samsung có đến kiểm tra và đưa ra kết luận là sản phẩm không lỗi và giải thích đó là chế độ xả tuyết, mình không đông ý kết luận trên và hỏi tại chưa có đóng tuyết mà thực hiện chế độ xả tuyết thì kĩ thuật viên trả lời là không cần đóng tuyết vẫn xả tuyết. Còn văn phòng chăm sóc khách hàng của samsung tên Vỹ thì lại nói chế độ xả tuyết căn cứ vào độ dày của tuyết ở ngăn đông. Tôi cũng không biết ai trả lời đúng luôn. Tôi hỏi nhiệt độ bao nhiêu thi bắt đầu quá trình xả tuyết, nhiệt độ bao nhiêu và thời gian bao lâu thì kết thúc quá trình xả tuyết thì lại không trả lời bằng số liệu cụ thể mà chỉ giải thích chung chung, tôi yêu cầu trả lời bằng văn bản có đóng dấu của công ty chụp hình gửi qua email thì lại không đông ý. Nói chung sản phẩm sử dụng trung bình một ngày đêm là ngừng hoạt động khoảng 2 lần. Khi ngừng hoạt động thì khoảng 1 giờ sau mới hoạt động lại."
G133,d3d14560af446bd6,304773,noi-chien-khong-dau,"Nồi bốc khói, cháy khét mùi nhựa khi sử dụng lần đầu. Shop nghỉ tết nên chưa được bảo hành. Mặt kính đóng sương bị mờ sau khi rửa. Shop nghỉ tết xong vui lòng liên hệ bảo hành."
G134,97ca081f9f4b2d4e,271888,bep-hong-ngoai,Bếp này kho ở chế độ nào vậy ạ
G135,da1dba4dde69cf2e,268448,quat,Mua cái quạt 400k mà tưởng được cái máy bay á chứ. Kêu còn to hơn máy bay cất cánh. Kh bh mua hàng ở điện máy xanh này nữa
G136,70461fd32eb06fe1,291689,tu-dong,"sản phẩm tốt, xài ok lắm ạ"
G137,9f3ae209bbfaa2cb,271888,bep-hong-ngoai,Bếp nấu ok mà sau ko chuyển qua chế độ rán được Bếp hạ lửa giảm nóng rất nhanh
G138,d01964474d23d63c,296264,may-giat,"Đến cửa hàng mua mà chã nge nhân viên tư vần chương trình khuyến mãi hay quay số trúng thưởng như trên app,chính sách bảo hành thì không nói luôn,đợi hỏi cái này cái kia mới trả lời không"
G139,2814236363aba700,225858,tu-lanh,Mình mới mua được 7 ngày để ngăn mát 1 độ mà thực sự không hề mát
G140,b481ca105b516134,264374,robot-hut-bui,Hút bụi mịn ok lắm Lau sàn cũng tạm Mau hết pin
G141,65eea24e849b3ec0,278575,tivi,Đang xài tốt. Độ bền thì phải trải qua thời gian mới biết được
G142,7720a38e3a3e04d6,69080,lo-vi-song,Mới mua chưa được 1 tháng nên không có nhiều ý kiến. Hiện tại thì rất tốt
G143,c642cd15acd2e7c3,281936,tivi,"Tivi mới mua được hơn một tháng thì tìm kiếm giọng nói k được gọi bảo hành vẽ cài đặt lại được 1 ngày thì lại k được gọi bảo hành thì k về ,chán quá"
G144,69edb9a77ecdb85a,286051,may-nuoc-nong,Ok vừa tầm giá
G145,2ce4fe6197c9ac05,203417,noi-com-dien,Mình dùng thì thấy ok
G146,f9c4b28862ad2ec5,212156,lo-vi-song,Dịch vụ 5 sao
G147,1201e66cabfb1599,313393,may-giat,"Hàng sài tốt, phục vụ nhiệt tình"
G148,06a81b59af2de09b,296264,may-giat,Cảm nhận đầu tiên là máy hoạt động rất lâu báo 48p kết quả xong đồ là 1h40pGiặt đồ sạch. Lúc giặt kêu vừa tạm chấp nhận đc. Vắt khá êm. Hơi tiếc ko có vắt cực khô như máy nhà đang sd....
G149,9d32a25c801e8516,325006,may-loc-nuoc,"Máy chạy Quá OK, nước uống ngon ngoài mong đợi."
G150,1752f8c6f2494491,322936,may-lanh,"Tôi mua sp ngày 06/04/2026 và có 1 trải nghiệm rất tệ.1. Thợ ĐMX lắp nhầm Model cục nóng của loại khác, và đã đến tháo ra lắp lại ngày hôm sau. Tôi mua mới mà nhận được sản phẩm chắp vá như vậy, tôi rất không hài lòng.2. Vì lắp nhầm cục nóng của 2 khách hàng từ đầu, dẫn đến số IMEI cục nóng thực tế đã lắp, không trùng với thông tin IMEI được Daikin gửi SMS bảo hành đến SĐT. Tôi có báo tổng đài kiểm tra, mà đợi 20 ngày rồi vẫn chưa có người đến kiểm tra là như thế nào Nếu tôi không để ý và phát hiện ra lỗi thì chắc chắn sau này tôi sẽ không được bảo hành, vì thông tin IMEI bảo hành khác với thực tế. Các bạn tính không xử lí vấn đề này, để Tôi sau này không được bảo hành sản phẩm à Tại sao không đến check lại IMEI đi, tôi có hình ảnh chụp IMEI đây, cần thì tôi sẽ gửi cho."
G151,f3a0e5d7b5bccc9b,337726,tivi,"sp tốt, sẽ giới thiệu cho bạn bè"
G152,572a9422c7fa43c1,271888,bep-hong-ngoai,Nhà mình dùng thấy tốt bếp chưa thấy có vấn đề gì!
G153,638bd8ea081d2a06,320893,may-lanh,Ngoài việc chờ máy lạnh lâu. . và nhân viên lắp đặt tệ. Thì 1 sao là quá gê rồi. Nếu có 0 sao thì dmx 0 sao nhá.
G154,c9f233a1e59561b2,296264,may-giat,"Máy giặt không có chế độ giặt riêng, yêu cầu đổi máy"
G155,23ca84f07a67c3e5,115057,tu-dong,Ko dc như mong muốn và bên giao hàng ko có tôn trọng khách hàng
G156,a62f843d8348477c,202857,tu-lanh,"Máy nén kêu kẹt kẹt, rất khó chịu"
G157,f85909fccef6c873,291689,tu-dong,"Tủ ko hao điện , chạy êm , mẫu mã bền đẹp , nhân viên chăm sóc nhiệt tình thân thiện"
G158,94dc947b40c0dc97,281936,tivi,Mấy cái gói 12th tặng không có tài khoản để đăng nhập vào sử dụng đc
G159,8b17871ea800090b,220325,tu-lanh,Mua được hơn 1 tháng tủ lạnh cứ kêu cọc cọc là sao vậy ạ . Mong được phản hồi sớm. Trân trọng
G160,1be803aa520e3cda,202857,tu-lanh,Lâu lâu chạm vào mặt ngoài tủ lạnh thì bị giật nhẹ
G161,87360857ab7b3761,322619,quat,Quạt xài ok
G162,a692e6c05fc8378f,115057,tu-dong,Huhu nó k lạnh cứu mình với
G163,856e836c217a5433,313393,may-giat,"Mua hàng nhận từ chủ nhật ngày 24/8 mà đến hnay ngày 27/8 vẫn chưa lắp đặt, thợ hẹn hôm sau mà mấy hôm rồi không đến, gọi không thèm nghe máy, chả nhẽ mua máy về vất xó nhà."
G164,5ee68fd82d469ca5,324574,tu-lanh,"Thấy tủ đẹp,sang,thương hiệu lớn chốt ngay ko hề đắn đo về giá cả,giờ thì hối hận ko kịp,ngăn đá thì lm đá lâu đông,giờ thì xài đc 1 năm mấy tủ chạy bthg nhưng ngăn mát và ngăn đông lạnh bên trong không còn nge lạnh và đông đá nửa chưa đc 2 năm hư cha nó r quá thất vọng về sản phẩm.mn có ý định mua tủ này thì nên cân nhắc nhé."
G165,50af04924eb444ac,304189,tu-lanh,"Tủ đem về ngày đâu chạy mức trung bình thì đông đá bình thường, đến ngày 2 và ngày 3 thì máy có dấu hiệu chạy nhưng không lạnh nữa, không đông đá nữa, yêu cầu được giải đáp hoặc đến kiểm tra giúp, thank."
G166,8e93e994e3072ca0,299824,may-lanh,Hôm trước vừa gắn xong chạy cũng ok nhưng sao ĐMX lắp máy lạnh không có hút chân không vậy Thiếu bước hút chân không rồi
G167,3e266a9b1087858b,304189,tu-lanh,DÙng tốt.tiết kiệm điện
G168,84230c25030a1bb4,266729,bep-hong-ngoai,Dùng tốt có điều hơi yếu một chút
G169,164a82513a8b3876,314932,may-loc-nuoc,Máy bị lỗi liên tục....Nhân viên ĐMX k chịu hoàn tiền ..đổi đến cây thứ 4 mới sài đượcNước lọc ra uống k được ngọt như những cây khác
G170,ac7f897ea3209806,268452,quat,Quạt dùng ok lắm
G171,5bec0acf30e55d32,313393,may-giat,"Sản phẩm quá yếu ,giặt mấy bộ đồ của trẻ em mà báo quá tải rồi dừng,nhân viên đến cũng không giải quyết được gì,giải thích cảm biết báo quá tải mà có đồ gì đâu,vài bộ áo trẻ em"
G172,a591930a41fb7c4c,189688,noi-com-dien,Nồi nấu nhanh
G173,5b245bdc561faf08,199064,may-loc-khong-khi,kêu to ồn
G174,dc0f85d64026b345,268452,quat,"Mình đã mua sp, ban đầu dùng rất oki, nhưng mới dùng chưa đc 1 tuần thì nó kêu to cạch cạch"
G175,02ec088f7ac66aaa,268452,quat,Quạt chạy êm nhưng tốc độ làm mác không mạnh
G176,11d08b1685f1205a,217655,noi-com-dien,Ngày nào cũng được ăn cơm cháy :)))
G177,8a74752417a9c814,321382,may-lanh,Cục nóng kêu to
G178,352e1241b14fad99,121545,bep-hong-ngoai,"máy tốt, chân hơi khập khiểng"
G179,39d3b5e6c4f2f2cc,203417,noi-com-dien,Cơm mình nấu buổi sáng do vội chưa làm đồ ăn kịp không ăn cơm sáng vẫn để nguyên nồi giữ ấm tới chiều nhưng cơm vẫn bị thiêu
G180,51299afdc6484b2f,314932,may-loc-nuoc,"Máy chạy êm, ổn định. Có điều nước thải ra hơi nhiều"
G181,0da310de2a498a23,202857,tu-lanh,Sao mình mới mua dc 1 tuần tủ bị hư ron. Không thể tin được luôn. Muốn liên hệ bảo trì máy thì sao ad
G182,9c24ce8e2b01ee12,322936,may-lanh,"Sao nó i như cái quạt gió tắt quạt là hết lạnh vậy ,"
G183,5e15792461c98255,268448,quat,Quạt mới mua dc hơn 1 tháng mà đã kêu ro ro. Phản hổi cho điện máy xanh eaning thì quá tệ. Bắt đem ra tận nơi gửi đi bảo hành 2 tuần. Hỏi thế trong lúc bảo hành có quạt thay thế để khách hàng sài không thì kêu không. Chăm sóc khách hàng quá tệ. Bảo sao mất khách. Uổng công ủng hộ điện máy xanh rất nhiều sản phẩm. Thề không bao giờ quay lại
G184,158d3a6565783349,272138,quat-dieu-hoa,"Tôi mua giá hơn 3 triệu, sử dụng được 4 tháng đèn cảm ứng sáng loạn xạ, bật hay tắt gì vẫn sáng, nút chế độ lạnh thì không sáng. Gọi bảo hành thì bảo phải mang máy về hãng sửa tầm 15 ngày, vậy 15 ngày trời nóng như thiêu đốt thế này thì lấy đâu ra quạt, bên ĐMX không hỗ trợ sữa tại chỗ, cũng không có biện pháp đưa quạt cũ tạm thay thế trong thời gian bảo hành. Sản phẩm tệ không nên mua. Chính sách bảo hành cùi bắp"
G185,7ac010abffda238a,324574,tu-lanh,Tủ vận hành êm làm lạnh nhanh nhưng 2 bên hong tủ tỏ nhiệt rất nóng chạm vào muốn phỏng tay
G186,4c0b7c9d4b437f6e,266729,bep-hong-ngoai,bếp sài tốt nha nóng nhanh nhỏ gọn
G187,b85c5bc9bec8ac72,304773,noi-chien-khong-dau,"minh biêt cai gi cung co thơi gian sư dung, nhưng vơi gia nay ma minh sư dung gân 1 năm thi gay tay câm,han bao hanh la thang 10 va vưa hêt han bao hanh 2 thang thi ko lên điên nưa."
G188,d85ff4de96f53208,199117,quat-dieu-hoa,Không hề ưng ý 1 xíu nào !!! Ban đầu mình mua cây kangaroo nhưg bị gãy trục đổi đến lần thứ 2 vẫn lỗi ! Đến lần thứ 3 thì bảo hết hàng nói mình đổi cây khác và được nv tư vấn lấy cây này !! mua về sử dụng ngủ mà nó ồn khôg thể tưởng ! chưa kể mới sử dụng mà quạt nge hơi ẩm mốc như máy cũ !! mở lên thì dù chỉ tốc độ nhỏ nhất vẫn văng nước !! remote từ xa mà để sát mới ăn vậy làm remote làm gì ! TỆ HƠN CHỮ TỆ
G189,17a722f8ab4c591d,121545,bep-hong-ngoai,Đun lâu sôi đợi 10p k sôi nổi
G190,69d20af63cddf50c,203417,noi-com-dien,Sài cũng tạm ổn
G191,3bc0adda07ec5186,69080,lo-vi-song,Cho hỏi khoảng 1l nước chế độ trung bình thì bao lâu sôi . Mới đầu thấy nhanh mà giờ lâu quá
G192,6a316341b6414597,321383,may-lanh,"Máy lạnh mua chưa được 1 tháng báo lỗi, nhân viên bên DMX cứ xuống kiểm tra 2 lần mà vẫn bị kêu to vậy mà không chịu đổi cứ làm mất thời gian, điện tổng đài khiếu nại thì cứ hứa lèo hẹn tới hẹn lui quài đi làm bắt về quai không uy tín nha mọi người."
G193,3dcaf0666ca4ba92,321382,may-lanh,"cục nóng không có chân đế cao su máy rất rung và cực kỳ ồn, rất là ồn chất lượng quá tệ so với tầm giá ở trong phòng mà nó ầm ầm luôn lam phong trần nhà kêu mún bật ra vậy đấy"
G194,91e04b0b44d36929,313393,may-giat,"mua dùng ổn, máy chạy bình thường chưa thấy vấn đề gì."
G195,434f60d91a7bf913,324574,tu-lanh,"Tủ 4 cánh mà giá úa tốt, xử lý mùi tủ lạnh ưng ý như quảng cáo"
G196,9eea1f6225bd0d82,321383,may-lanh,"Mới lắp sd ok, nhưng chạy chưa được 1 tháng cục nóng chạy ồn, phiền hàng xóm quá."
G197,55980a4794e3924c,203417,noi-com-dien,Nồi nấu cơm rất ngon
G198,a4eaeec0b804cdb1,239277,tu-lanh,Rất hài lòng
G199,7f270303eb302558,278575,tivi,Cam on toi rat hai long
G200,d8c874cc0c1493ef,321978,quat-dieu-hoa,Quá tệ Từ dịch vụ bảo hành đến sản phẩm nếu đc 0 sao tôi vẫn sẵn sàng đánh giá
G201,8bba60f11720eb22,320594,may-rua-chen,Có ai bị hiện tượng hơi nóng bay ra từ cánh cửa không KTV của ĐMX cho hỏi đây là hiện tượng bình thường hay lỗi kỹ thuật Vì thấy cánh cửa có ron cao su nhưng không kín thì phải.
G202,dfd03ae81cc6cf18,272138,quat-dieu-hoa,Quạt bị lỗi đổi đến cây thứ 4 vẫn bị lỗi rò rĩ nước . Chạy vài ngày kêu như bò rống khuyên thật là mọi người nên say bye vì rất nhiều lỗi . Bên điện máy xanh nhân viên họ làm việc cũng tốt cũng chịu đổi cho mình mà quạt dõm vãi đổi đến mấy cây vẫn lỗi
G203,dc4ed88956352ec3,320893,may-lanh,Máy trưng bày thì để 5 sao hàng tới tay khách thì 4 sao đổi thừa IT sơ xuất .. Gọi trả hàng thì mỗi tổng đài báo một giá đổi thừa nhân viên mới nên sơ xuất hệ thống mấy nghìn siêu thị lớn nhỏ mà làm việc chán chả thèm nói... 1 sao
G204,1bc00a096efde122,320893,may-lanh,Máy ít dùng. Chạy êm. Lạnh tốt nha
G205,81220d5fae87caa1,202857,tu-lanh,"chat luong nhat ban bao lau nay van ok, tu rat ổn dinh"
G206,7702f4e1e99ef228,220325,tu-lanh,máy ồn quá máy chạy kêu rè rè cả đêm cực kì khó chịu ...nhân viên đã đến xem máy này lỗi của nhà sản xuất cần khắc phục
G207,6c271218d85cf579,266729,bep-hong-ngoai,Bếp đun hơi lâu
G208,eb26d81566687639,281936,tivi,Tivi mua chưa được 2 tháng thì hỏng .
G209,dfd788ff6e04f92c,227506,bep-hong-ngoai,Bếp mua hồi tháng 8 2025 xài đến tháng 10 là bếp có dấu hiệu kêu rất to .
G210,7401f72d80643ee9,202857,tu-lanh,"ngăn đông đá hơi lâu,sao không có đế"
G211,51d947d4e6e85a1c,202857,tu-lanh,Tủ kêu như công nông Rất tin tưởng dmx nhưng thật sự bị stress khi mua toshi ba K thể ngủ được nên 2h sáng vào đánh giá sp
G212,59bd6a18dc3239bb,225858,tu-lanh,Tủ mua <phone> chạy đến 15tây thì ngăn mát tủ không lạnh lại bị tươm nước .còn ngăn đông làm đá thì chạy trên 13 tiếng nước mới đông thành đá cục.riêng phía bên trong lỗ thông hơi gió ngăn đá thì tủ bị đóng tuyết trắng xóa giầy hết cả xung quanh.mình đang chờ bên hệ thống bán tủ lạnh điện máy xanh xử lý tủ lạnh máy hư lỗi không lạnh ngăn mát mát mà ngăn đá thì tủ bị đóng tuyết trắng xóa
G213,ea7f4a4fc037bf10,264374,robot-hut-bui,Máy sử dụng chưa được 10 lần này nằm im một chỗ mà mất Sđt nên chưa liên lạc để sửa.Đang bực mình đây!
G214,02d6e11b0151b904,69080,lo-vi-song,Sản phẩm hoạt động ok.
G215,d412b059d4674de0,69080,lo-vi-song,"Sản phẩm mẫu mã đep, sang trọng, tốt"
G216,4c7ec62e118587e9,286051,may-nuoc-nong,Xài ko có gì nổi bật. Máy bơm ko mạnh như máy cũ đã từng xài (hiệu akpha)
G217,28b79a397dda9b05,304773,noi-chien-khong-dau,"mua nồi thông tin mô tả không han gỉ, mà dùng chưa được bao lâu cái khay bên trong bị han gỉ, không dùng được. Mua không có, tư vấn hỏi mua vớ va vớ vẩn mất cả sáng. Nhân viên trả lời máy móc, còn không thèm đọc kỹ tin nhắn, như kiểu coppy paste"
G218,f03ace10f5a95adb,311458,may-loc-nuoc,"Máy kêu to , dỡ , mọi người ko nên mua"
G219,e81e661d5cab5321,310253,may-say-quan-ao,"Mh Sài được 5 tháng, bị lỗi báo hãng sửa không ra ôn gì còn báo bình thường mà Sài thì không được1 hãng lớn nhưng rất kì cụcCòn nhân viên điện máy xanh thì quá OK coi 1 lần ra liền"
G220,4917188dc431c2d7,268448,quat,Tiện lợi êm khi mở
G221,7e18a06512a02695,121545,bep-hong-ngoai,"Bếp mới mua vài tháng mà nó bung luôn mặt kính ra, quạt kêu rất ồn"
G222,7fdf9b43a622a352,152969,noi-com-dien,"Nối rất dở, bấm nút nấu nhưng cơm đang sôi nó đã tự nhảy lên làm cơm sống nhăn."
G223,2c87d5468027ad1f,321382,may-lanh,"Máy lạnh Panasonic này từ lúc tôi mua đến giờ không sử dụng được. Ngày đầu tiên lắp đặt xong đã không chạy được. Máy báo lỗi. Điện máy xanh đã đổi trả máy lạnh mới. Tuy nhiên tiếp tục lỗi không lạnh dàn nóng chưa đủ nhiệt độ lạnh cài đặt đã tắt, không chạy. Tôi liên hệ điện máy xanh để được giải quyết, điện máy xanh đã liên hệ với hãng xuống kiểm tra máy lạnh, tuy nhiên vấn đề chưa được xử lý, hãng panasonic đã xác nhận lỗi board mạch dàn nóng, hãng có khuyến cáo rằng model tôi đang sử dụng thường xuyên gặp vấn đề này. Tôi đã gọi đến tổng đài bảo hành của điện máy xanh nhiều lần nhưng đến nay vẫn chưa nhận được sự hỗ trợ đổi trả trong tháng đầu tiên của sản phẩm khi xảy ra lỗi theo cam kết của điện máy xanh. Đề nghị giải quyết vấn đề đổi trả của tôi. Nếu model này lỗi liên tục như vậy, thì điện máy xanh cần hỗ trợ khách hàng đổi sang model khác có thể dòng model cao hơn khách bù tiền thêm sự chênh lệch, hoặc của hãng khác. Chứ thật sự tôi rất mệt mỏi, và cũng không có thời gian công sức đổi trả thế này trong tương lai nữa. Chưa kể, nếu qua 1 tháng đổi trả đầu tiên của điện máy xanh mà không xài được máy lạnh này, tôi buộc lòng phải mất trắng đi số tiền mà tôi đã bỏ ra để mua được 1 sản phẩm lỗi, không sử dụng được dù chỉ là 1 ngày. Hoặc mất 20% phí thu hồi lại từ điện máy xanh liệu rằng có hợp lý Vui lòng xem hình ảnh chi tiết phiếu kiểm tra sản phẩm từ hãng panasonic cho trường hợp này."
G224,d7cd4b1b9e4f3736,320594,may-rua-chen,"đi mua tủ lạnh mà bị va vào máy rửa bát, đúng là sáng suốt khi mua, vợ khen không ngớt, rửa sạchkhôsáng bóng nhémọi người nên sắm về 1 chiếc nhé"
G225,c4c251edc2a84b54,152969,noi-com-dien,"Xài tương đối ổn, giá chấp nhận được với chất lượng, tiền nào của đó các bạn ạ ."
G226,b0ba3746c6fd20b6,310253,may-say-quan-ao,Máy rẻ nhưng sấy rất tốt .nên mua .nên để chế độ tiêu chuẩn để sấy
G227,bb799a739e9b0e40,199117,quat-dieu-hoa,Máy bơm hút nước nên ko đc em lắm
G228,38ff6d0c7b4b1823,296264,may-giat,Máy giặt rất ồn nhờ ĐMX hỗ trợ. Máy mình mới giặt lần đầu. Nhận máy ngày 06/09/2023
G229,1eef09da0cb074ab,203417,noi-com-dien,"Nấu cơm chưa được 1 tháng, nấu cơm không chín"
G230,59055a7fbeca408e,299824,may-lanh,"mới lắp,chưa dùng nên chưa biết sản phẩm tốt k. nhưng chính sách và ưu đãi thì điện máy xanh luôn tốt nhất."
G231,ec52c41b9c19dc3d,296264,may-giat,Đã đổi cái thứ 2 nhưng cùng 1 lỗi cuối cùng cũng phải chịu mất phí để đổi hãng khác Toshiba hết thời rồi
G232,3e809f7ef3023b51,152969,noi-com-dien,"Dùng tốt, già điện, nấu cơm ngon"
G233,fa44f001831f6252,225323,may-nuoc-nong,"Bơm trợ lực ít ồn nhưng không mạnh. Máy dùng lâu trên 10 phút thì thường xảy ra hiện tượng chập /rút điện máy tắt lịm trong vài giây, kéo theo các thiết bị điện đang dùng khác, rồi trả điện lại, hoạt động vài giây, rồi lại tắt. Để nguội lần sau vào dùng bình thường. Không biết do máy hư, hay do thợ của Điện máy xanh lắp đặt kém như đấu sai, hoặc đi dây dẫn công suất quá nhỏ so với công suất máy... nhưng vậy là quá tệ. Chán không liên hệ bảo hành, mà cũng chẳng biết liên hệ ai. Vì không biết giờ nào tới, có đúng lúc mình rảnh ở nhà không. Tuy nhiên đã bán hàng thì bán hàng chất lượng, và phải tuyển thợ có đủ năng lực, chứ bán xong lại để khách hàng tìm số ĐT gọi và chờ sửa chữa là kém rồi. Tôi <phone> là khách hàng lâu năm từ thời TGDD, chưa chê bai bao giờ nhưng nay mua sản phẩm này thấy khó chịu."
G234,325d9029af808c01,225323,may-nuoc-nong,Nước nóng nhanh nhưng chế độ tăng áp thì ko có tác dụng lắm
G235,ffcbdd786a1042c9,296264,may-giat,"Máy giao lần 1 và giặt lần đầu tiên bị xì nước và xà bông dưới đáy máy. Dịch vụ khắc phục sự cố rất là tệ khi khách hàng báo lỗi. Quá chậm, quy trình làm cứ pass qua tùm lum , mất 48h mới xử lý cho khách"
G236,56abeccb72182840,304189,tu-lanh,Làm Lạnh Nhanh.Mọi thứ đều ổn.Nhưng theo thông số ghi là 296 kw nhưng theo mình nghĩ chắc phải hơn 296 Chắc Cũng uống điện Như uống bia Là Cái Chắc
G237,9bf7119a7677a26c,314932,may-loc-nuoc,"Lượng nước vừa đủ dùng, độ lạnh và nóng ok,"
G238,9927f04381a728f6,268448,quat,"Quạt nhỏ nhưng có võ, quạt rất mạnh, giá cả phải chăng. Mọi người nên mua nhé."
G239,0850dfb39e5593a8,310434,may-giat,"Máy giặt tốt,"
G240,cc4b47729739a42f,152969,noi-com-dien,nồi chín nhanh...
G241,5d64fec338cbab76,203417,noi-com-dien,cơm chín nhưng chưa ngon
G242,d6d7f57a004a111f,251691,noi-chien-khong-dau,"Sản phẩm tốt, nhân viên rất tận tình"
G243,080a630bc71457b2,313393,may-giat,"Mới dùng nên chưa đánh giá sâu đc, tạm thời thấy ổn"
G244,c7e9ddd29f60c788,264374,robot-hut-bui,Hoặc động không hiệu quả
G245,19e4f5f5c11c77e1,121545,bep-hong-ngoai,Cảm ứng không ăn
G246,16025b6787761f31,275125,noi-chien-khong-dau,Nồi tốt đáng tiền nên mua nha mọi người
G247,6df418c8b5e3ea6b,299824,may-lanh,Giá thành rẻ chất lượng tốt nhân viên lắp đặp chuyên nghiệp
G248,c99e847746e06314,152969,noi-com-dien,"ĐÂY LÀ SẢN PHẨM NỒI CƠM ĐIỆN TỆ NHẤT TỪNG SỬ DỤNG Mình không tính lên đánh giá đâu, nhưng mỗi ngày đi làm về là bực nên bắc buộc phải nói, nồi cơm nấu bị tràn rất rất bẩn. Mua mới được 2 tháng, đổi 3 lần. Đổi lần đầu về nấu đc 1,2 lần thì trào tiếp, đổi lần 2 cũng vậy, lần 3 cũng vậy riết không thèm đi đổi nữa. Bây giờ mỗi lần nấu mà cơm sôi phải mở nắp ra để không bị trào. QUÁ TỆ"
G249,17965ea29d229ed8,296264,may-giat,Mới mua ngày hôm qua . Máy giặt rất ồn ko êm ái. Vắt rung lắc rất mạnh. Tệ
G250,19efce138d9666b1,251691,noi-chien-khong-dau,Dễ Sử dụng.
G251,ec5f7da1eed91ff6,220326,tu-lanh,"Cân nhắc trước khi mua. Máy hoạt động hơi ồn. Mùa đông, thức ăn rau củ trong tủ lạnh muốn đóng đá mà máy hoạt động liên tục. Dừng một lúc lại hoạt động. Cùng giá tiền nên mua Panasonic hay Aqua."
G252,ed01414261c8281b,320893,may-lanh,"máy mua về lạnh tầm 45 phút là không lạnh,bật máy lạnh mà có hơi gió chừ không có hơi lạnh.lạnh ở họng gió còn phòng thì không"
G253,ebbdbca5b951cf26,275125,noi-chien-khong-dau,Chiên cá chưa được ngon
G254,3e9a4c166bde046d,217655,noi-com-dien,Nấu cũng được
G255,1567fa3baca82e7c,152969,noi-com-dien,nấu cơm ko chín lắm
G256,4dd14a4b9c3dd0ce,225858,tu-lanh,"AI có ý định mua thì bỏ qua sản phẩm nay qúa te thay chay ca ngày ca đêm o dung ngắn mat tỳ o màt ngăn đông mềm tỳ cũng như ngan thường sài lầm khi mua san phẩm này nhưng sản phẩm o nên bán nữa,"
G257,5b1971ec2f7fdb8a,312347,may-nuoc-nong,xài êm ko bị ồn như máy có bơm
G258,4b4682a7d300b8e3,271888,bep-hong-ngoai,"Bếp rất lâu sôi , nhiệt độ rất kém"
G259,c838954a3892d898,202857,tu-lanh,"bản lề chắc chắn, cánh cửa khá đầm , ok"
G260,6faa90518a7bce58,286051,may-nuoc-nong,máy có bơm trợ lực không kiểm soát được bơm luồng nước ra từ vòi yếu hơn so với việc chưa gắn máy nước nóng.
G261,554dfc94cee3cd29,220325,tu-lanh,Hiện tại thấy xài ổn
G262,66bd3969aaf4819e,212156,lo-vi-song,San pham ban rat tot va cung cach phuc vu khach rat ok
G263,6ea8659d68fe95f4,286051,may-nuoc-nong,Nước yếu và ít nước
G264,e5688d54e92baa25,264374,robot-hut-bui,Máy hút yếu. Không chèo được lên thảm mỏng. Không có lập trình sơ đồ nhà. Khá thất vọng về sản phẩm.
G265,1e65984293f20798,202857,tu-lanh,"Không nên loại tủ này, máy lóc nó kêu ồ ồ rất khó chịu không ngủ được nếu để trong phòng trọ, nhà diện tích nhỏ và liên tục máy chạy kêu không nghĩ nên vừa bực bội và vừa không tiết kiệm điện. Vừa mua được 3 ngày mình đã liên hệ hỗ trợ nhưng DMX thì đổi qua hãng, hãng xuống thì đổi thừa DMX vì vậy tốt nhất là cân nhắc khi mua. Còn làm việc DMX thì hẹn và hẹn hẹn đến giờ gần một tháng chắc hết bảo hành thì đỗi thừa luôn. Phí tiền mua cục tức vào mình góp cùng bà con."
G266,a4a609869b6573e7,320996,quat-dieu-hoa,Mình rất ưng ý về sản phẩm
G267,b942c04601e86faa,233473,bep-tu,Tại sao cư đang nấu dc mấy phút thj nó se tự động nhảy qua chế độ tăng giảm nhiệt độ. Cứ giảm nhiệt độ xong lại vù lên oy lại giảm. Co ai hỗ trợ dc ko ạ. Mjnh mua o ĐMx Trần phú.
G268,558e53c52c4cda63,272138,quat-dieu-hoa,Quạt thì mới mà sao để trong cái thùng cũ rách cũng không biết nữa. Có khi nào mình mua phải quạt cũ hay là hàng trưng bày không vậy
G269,dc1d808ac64de074,227506,bep-hong-ngoai,Lúc mới mua xài được tầm 1 tháng tự bung tự nứt kính vài chỗ hở lên bập bênh dù rất ít xài đem bảo hành hãng chỉ đổ keo dán lại chứ ko đổi sản phẩm mới dù lỗi này ko phải do người dùng
G270,4a168010ed730de1,274785,tu-dong,Cho e hỏi giờ e lỡ làm mất chìa khóa tủ vậy rồi bên mình có bán k ạ.
G271,6c8a3095e92df319,203417,noi-com-dien,Hiện tại có 1 số công ty lừa đảo lấy danh nghĩa điện máy xanh đi tuyển dụng làm thêm hoặc tặng quà tri ân để lừa đảo. Mong điện máy xanh viết bài cảnh báo giảm số người bị lừa.
G272,8ccb52aac06e07c8,225858,tu-lanh,Sản phẩm dùng OK. Nhân viên giao hàng và tư vấn nhiệt tình
G273,ef5b0e60e7fda32c,157525,may-hut-bui,"Hút mạnh, sạch, ĐMX nhân viên nhiệt tình"
G274,c31be5a894f32759,152969,noi-com-dien,Nồi cơm nấu có nhiều cơm cháy.ai thích ăn cơm cháy có thể mua nồi này về nấu.
G275,4e9fb15b1fc5120f,199117,quat-dieu-hoa,Mìn mua được 1 tuần. Máy chạy ổn chỉ có quạt hơn lớn nhưng có thể chấp nhận được.
G276,929603451bbb7d2c,320893,may-lanh,Nhân viên lắp cẩu thả
G277,7935aaaeaf5c4e1a,322936,may-lanh,"Lắp đặt không ok , k chuyên nghiệp. Nhân viên lắp đặt không phải người Điện máy xanh. Sài 1 thời gian thì không hoạt động , tự kt thì thấy sút dây. Ống đồng thì k quấn xi. Tự mua đồ về sửa lại."
G278,aba7b6902dcec97e,320893,may-lanh,"Đặt hàng từ hôm trước , hẹn trước 14h hôm sau giao. 14h gọi lên tổng đài hẹn 15h, 15h gọi lên nói chuyển CSKh 18h có kết quả. Chắc còn lâu mới quay lại mua hàng chuỗi TGDĐ"
G279,531d4d9c5f457849,199117,quat-dieu-hoa,Quạt bị lỗi liên hệ vs hotline bên điện máy ko được quạt mới giao
G280,63718f850588aff0,311458,may-loc-nuoc,"SỬ DỤNG HƠN THÁNG , Phải nói karofi giá cao , nhưng giá Tiền đi đôi với chất lượng , nước uống vị rất ngon , nóng nhanh , lạnh sâu , hè này đi ngoài nắng về chỉ cần mở vòi ra un vừa nhanh ,vừa tiện ."
G281,b971156a07b1085f,304773,noi-chien-khong-dau,"Xin chào tôi có ngày 20/06 đến sáng hôm nay gia đình tôi sử dụng lần đầu tiền để nướng thịt thì có hiện tượng bị chảy hết mỡ ra ngoài sàn nhà, vậy tôi phải xử lý bảo hành như thể nào"
G282,b2c3dea071491ae1,71823,lo-vi-song,"Thiết kế sang trọng, dễ sử dụng , thép không rỉ dễ lau chùi , ngoài ra tích hợp nhiều chức năng hâm thức ăn , rã đông và nướng, thức ăn rất ngon và giới thiệu nhiều người sử dụng."
G283,c0913c1a7205a332,325006,may-loc-nuoc,"Rất tệ máy lỗi mà k đổi cứ sửa hoài, máy hoạt động hơi ồn khoing nên mua"
G284,db3f79bc9c1a529c,275125,noi-chien-khong-dau,"Tốt, dễ sử dụng, ít hao điện"
G285,6c8ca5b02941b58c,268452,quat,"Quạt hơi yếu, nhưng vậy là ổn áp."
G286,964440b6036ea94e,312347,may-nuoc-nong,Sản phẩm giá 1.090.000đ + miễn phí công lắp đặt nhưng thợ lại tính thêm tiền vật tư đến 450.000đ cho 1 cầu dao và 4m dây điện. Trong khi khách hàng đã tip cho thợ 60.000đ riêng.Giá vật tư gần bằng phân nửa giá sản phẩm là quá mắc
G287,17854c8f0c093f7a,321382,may-lanh,"Mới lắp 2 ngày cục nóng kêu to, bị chảy nước. Cục lạnh làm lạnh chậm, bật chế độ powefull kêu to."
G288,e1ca6d45c7aefbe3,324574,tu-lanh,Tủ không đông đá
G289,55d20248cc6e3774,321382,may-lanh,"Sản phẩm chưa dùng chưa biếtNhưng thái độ phục vụ càng ngày càng tệMua hôm nay thì hứa hôm sau lắp lúc 14hXong chờ tới 14h rồi 15h 16h mình phải liên hệ cho nhân viên tổng đài, nhân viên tỏ vẻ bất ngờ rồi nói sẽ kêu hỗ trợ mình tới 19hVà kết quả là không có lắp đặt hay bất kể 1 thông tin nào đến khách hàng... không làm thì cũng thông báo ta tiếng chứ có đâu làm ăn tệ vậy, khách hàng phải chờ đợi mà k biết tới khi nàoDịch vụ tệ"
G290,9a0fc3fbb57eb37f,199117,quat-dieu-hoa,Quạt rất ồn
G291,e63fba8004302a32,313393,may-giat,"máy chọn sấy 90p nhưng không thấy khô quần áo,còn lại ok"
G292,5e84ec953fbcd3a2,304773,noi-chien-khong-dau,Cần hỗ trợ dầu mỡ chảy qua khe ngay kính
G293,e3575709044301d6,264374,robot-hut-bui,Bị lỗi chạy nước mới đc đổi con khác để xem có ổn ko
G294,96b3e642d7a92f94,281936,tivi,"Mới dùng mấy ngày tất cả mọi thứ ok, nhất là loa"
G295,66a1d2909cf7ff9e,320594,may-rua-chen,"Dùng 1 tg rồi cảm thấy rất ổn, rất ưngCảm thấy đồng tiền bỏ ra rất rất sứng đáng"
G296,3542490f210632cc,321382,may-lanh,Cục nóng kêu vs rung tiếng ồn lớn
G297,0480b3b26e43eedd,313393,may-giat,Tôi muốn vệ sinh máy giặt ở quỳnh lưu nghệ an
G298,4e78de1727b98bba,304189,tu-lanh,Mình cần dịch vụ bảo hành
G299,e5e9863c51d072b0,268448,quat,Ba số điều chung 1 lượng gió
G300,8b3a0378e9e3611b,286052,may-nuoc-nong,"Máy sài nước yếu.. vòi sen để trên cao. Bật nước thì bơm k hoạt động, nước k ra.. gọi bảo hành xuống thì bảo do nước nhà yếu. Mặc dù sài từ đầu vẫn ổn. Bảo hành như không. Giờ hết bảo hành..Giờ vòi sen hạ xuống 1 nữa, dùng được vài tháng lại k ra nước... giờ phải thả vòi sen dưới đất thì nước mới chảy ra.."
G301,1f9cbd1db80b3b42,281936,tivi,"Qua 1 đêm k bật nên dc , bên điện máy xanh cho người qua kiểm tra giúp mình"
G302,0011e397f365f3de,271888,bep-hong-ngoai,"Quá lâu nóng, nấu 2 lít nước chờ 20 phút mới sôi"
G303,2db2d06f68946fa8,299824,may-lanh,Remote bị hư 1 nút ko sử dụng đc. Cần bảo hành đổi remote khác thì làm ntn au
G304,1577e9ee32a6f015,299824,may-lanh,Máy mới mua 1 tuần chạy ồn như xe tăng thời chiến vui lòng đến kiểm tra lại
G305,44462c793889f858,69080,lo-vi-song,"Sp tốt, giá cả hợp lý. Mình đã mua 2 chiếc liền"
G306,a3ac24356ff11fd1,313393,may-giat,"Gía rẻ, giặt êm"
G307,1cebde0dc53ad57a,199117,quat-dieu-hoa,Mới mua sử dụng chưa đc mấy lần mà bị lỗi màn hình nhiệt độ không chính xác có đc đổi lại không
G308,0b1cdda1ed4df3b6,233473,bep-tu,Dc nhưng giá vẫn hơi cao
G309,ceba68f954d3c5da,283212,lo-vi-song,So Dễ dùng . Phù hợp với nhiều Thế hệ trong gia đình.
G310,830e79731fc3a68c,272138,quat-dieu-hoa,Máy ok. Nhưng chỗ xả nước hơi bị rỉ .
G311,e243d3818521d5d5,281936,tivi,Dùng đc 3-4 ngày
G312,0bcc2d27efc80321,212156,lo-vi-song,"LVS thiết kế nhỏ gọn tiện nghi, làm nóng nhanh....., tôi rất hài lòng"
G313,e09e0646f81fab15,220325,tu-lanh,"DÙNG ĐƯỢC 1 THÁNG, MÁY KHÔNG LẠNH GỌI TẬN TÂM XUỐNG BẢO HÀNH, NHÂN VIÊN CHỈ ĐỨNG NHÌN KHÔNG THÈM ĐỤNG TỚI MÁY MÀ KẾT LUẬN MÁY DƠ NÊN LẤY HẾT ĐỒ - RÚT ĐIỆN XẢ ĐÁ, SAU 24h VẪN KHÔNG LẠNH, NHÂN VIÊN SAMSUNG XUỐNG THÌ BÁO MÁY HƯ BLOCK, LẤY VỀ BẢO HÀNH 2 NGÀY ĐEM XUỐNG, DÙNG ĐƯỢC 1 NGÀY TIẾP TỤC PHÁT RA TIẾNG KÊU VÀ KHÔNG LẠNH, GỌI SAMSUNG XUỐNG THÌ LẠI BÁO XÌ GAS, SAU KHI SỬA XONG HIỆN TẠI MÁY ĐÃ LẠNH NHƯNG PHÁT RA TIẾNG KÊU RẸT RẸT RẤT TO ! MONG BÊN CÓ LIÊN QUAN XỬ LÝ DÙM ! MUA MỘT LẦN KHÔNG DÁM MUA LẦN HAI !!!!!"
G314,f59998de4a6813f5,322936,may-lanh,"Tôi vừa mới lắp máy xong, trong combo có hút chân không, nhưng khi nhân viên lắp, thì không hút, vẫn xả gas. Hỏi thì nói hút rồi, vừa lắp dàn lạnh xong, tôi ra xem dàn nóng thì nói hút nãy giờ Tôi không biết kỹ thuật hút chân không kiểu gì, học trường lớp ở đâu ra, khi mà vừa lắp xong dàn lạnh, ra xem thì báo hút rồi, rất bực, làm ăn kiểu chợ trời. Gas 32 gặp oxy đủ điều kiện thì sẽ nổ, vậy mà nhân viên kỹ thuật không biết gì về kỹ thuật. Tôi đăng lên để người sao tôi biết, mà đề phòng."
G315,843ec208b9a3d89f,299824,may-lanh,"Ổn đẹp, máy chạy tốt"
G316,63eb61a8036a02a0,220325,tu-lanh,"Ngăn đông Ok, ngăn mát mát bình thường, không phải kiểu lạnh sâu"
G317,baa7fdbdf5f1ebeb,299824,may-lanh,Máy chạy kêu to như máy cày
G318,73f69f8cd1ca33c5,225858,tu-lanh,Mình thấy ok mà. Mình mua từ đầu năm. Cấp đông mềm rất tiện. Còn điện thì mk cũng k biết là có tk điện ko nữa
G319,0d16e8f1c5c539d0,286051,may-nuoc-nong,Truoc mua con cubgx ariston. Mà domgf khac. Thấy ok lắm Con nay Máy bơm yếu. Làm nóng ơt mức trung.bình
G320,06dc353e4a1cbfef,152969,noi-com-dien,Dùng ổn. Nấu cơm ngon
G321,c30ca1c2c26dd289,324574,tu-lanh,Tủ lạnh rất nóng phía bên ngoài. Hối hận khi mua hãng này
G322,7c1d7757eacda2f1,275125,noi-chien-khong-dau,"Chiên cá xong dính con cá ở dưới cái nồi, gấp con cá xong nát thịt hết xong khỏi ăn. Cả nhà hôm đó nhịn đói"
G323,5618201f90a5e2f9,299824,may-lanh,thợ lắp đặt thiếu chuyên nghiệp
G324,cd03afcf20d39333,199064,may-loc-khong-khi,"Nhân viên khá nhiệt tình. Thất vọng vì máy k đáp ứng kỳ vọng. K xử lý được bụi như quảng cáo. Dùng hơn 10 ngày, bụi vẫn bay lơ lững khá nhiều dưới ánh đèn điện thoại."
G325,1bcc550f0ed30729,304189,tu-lanh,"Bình thường 1 ngày dùng khoảng 0,7 kg điện.Tủ lạnh hãng để khoảng 0.8 Nhưng lắp tủ lạnh thì 1 ngày tốn 3 kg điện.mặc dù tủ lạnh chỉ để có 2 chai nước và vỉ đáHàng chất lượng kém.Nên cân nhắc khi muaSp kém chất lượngTệ Không giới thiệu sp cho ai,vì chất lượng quá là tệVà thấy đmx,tgđ thái độ phục vụ và chế độ bảo hành ngày càng tệ,luôn đuồn đẩy trách nhiệm qua cho khách.kéo dài thời gian bảo hành của kháchNhất là nhân viên online luôn kiểu mình không biết hoi là ai rất là thái độ,khi hỏi tên thì không trả lời để mình đi nói cũng đặt để không biết tên của họ.khi nói bảo hành thì cứ lòng vòng trong khi lỗi của hãng mà từ chế độ 1 tuần mà đmx nhây không bảo hành qua 4 thángRất rất rất là tệQuá tệ"
G326,4837abea89d0ada1,291689,tu-dong,ngăn mát hơi yếu. ngăn đông hoạt động tốt
G327,b2d5c3fe5450ba8e,321382,may-lanh,"Mình mua cho mẹ ở quê, nên chát zalo để được tư vấn trước để xem có phát sinh gì để mẹ biết trl tư vấn rất nhanh, và chu đáoMình đặt tối ngày 24.5.2024, hẹn 2h chiều 25.5.2024 đến lắp DXM cử nhân viên đến sớm hơn 2h luôn rất OkThợ lắp xong, kiểm tra Ok mới rời về, 2 tuần sau để mẹ sử dụng ntn mình sẽ đánh giá lại, lần này về dịch vụ rất Ok nhé mn"
G328,7056b2e1f2d33a6e,268452,quat,Chạy im tốt
G329,742b4edf31c4b4bb,304189,tu-lanh,Sp sử dụng rất tốt. Làm lạnh nhanh.
G330,9d5cfd46974e42d5,217655,noi-com-dien,nấu bị cháy và rất hao gạo
G331,d6f14dc4808df3de,272138,quat-dieu-hoa,"Nút cảm ứng lúc bấm được, lúc k, đèn trên quạt tự sáng hết."
G332,81c0eb1dd2e58bdf,271723,may-loc-khong-khi,"Có giao hàng tận nơi, Đa dạng thanh toán Hàng mới 100% Nv nhiệt tình. Nv tổng đài chat tổng, ko nhiệt tình lắm"
G333,97fea001e2e1795d,278575,tivi,"Hình ảnh sắc nét, nhưng mở clip 4K thì load rất chậm. Âm thanh to, rõ."
G334,6e82ff35caacab20,268452,quat,Quạt thì OK nhưng nhân viên bán hàng làm thái độ khi khách yêu cầu lắp quạt ủa bán hàng mà đưa cái hộp tùm lum linh kiện hết trơn sao khách biết ráp bán buôn mà thái độ khi khách yêu cầu lắp
G335,87c5dc310e453318,313393,may-giat,"Máy có ngoại hình đẹp, dễ dùng, nắp kính hạ từ từ tiện lợi chống dập tay. Máy giặt đồ sạch, động cơ khoẻ. Có hai cột nước phun ra khi giặt giúp đồ thấm nước đều hơn. Có điểm trừ nhẹ là máy rung nhiều lúc vắt đồ cho khô chắc do động cơ mạnh quá. Nhưng nhìn chung đáng mua so với số tiền bỏ ra. Độ bền thì về lâu dài mới biết được."
G336,122a98aecc96b9e3,311367,tivi,Hình ảnh âm thanh tốt với tầm giá
G337,86147dfbed1b33be,314385,may-loc-khong-khi,"Máy lọc này chỉ đc mức cơ bản phòng 15m2 đốt nhang mù mịt mới báo đỏ , vs mức giá rẻ z chỉ đc như này thôi ai kỹ tính muốn hiệu quả cao vs nhạy khử mùi tốt thì tham khảo những dòng máy mắc , mình thì ở trọ cơ bản lọc vậy củng tạm ổn"
G338,ad916d24ae197009,242719,may-hut-bui,Máy cửa hút bụi bé không thể hút khe giường đc .
G339,40d6cf0bb5ddb13b,271888,bep-hong-ngoai,cũng mới xài đc vài lần nên chưa biết hết về sp bền hay k
G340,11b7ccf7b67431bc,199117,quat-dieu-hoa,Sử dụng 3 tháng hư động cơ quạt sử dụng 1 năm hơn cháy bơm vậy có là bình thường?
G341,1482684c55af458b,217655,noi-com-dien,Nồi cơm nấu bị cháy
G342,fba92591807ba5a6,272138,quat-dieu-hoa,Giải nhiệt mùa nóng
G343,0a9b3f1d1f477b1a,321383,may-lanh,Cục nóng hơi ồn
G344,d1bd8ccba36622ad,189688,noi-com-dien,"Khi nấu nước bị trào ra qua khe thoát hơi nước, không thể nấu được. Không nên mua"
G345,52d4eb6cb1a107a2,278575,tivi,Mua dc 1 ngày đã bị bị đơ màn hình bật không lên
G346,2bd97f594d45a77d,199117,quat-dieu-hoa,"Hình thức đẹp, dễ sử dụng, tuy nhiên khi bật chế độ làm mát thì rất ồn, đề nghị bên cskh liên hệ lại xem có cách nào khắc phục k"
G347,fc39add161806fac,321383,may-lanh,Mua gói vệ sinh 3 năm bên đmx nhân viên bảo là 6 tháng sẽ có người gọi để vệ sinhNhưng từ lúc mua đến giờ gần 7 tháng hơn rồi có người gọi r hẹn đến nay 1 tháng hơn r mà chưa có ai đến vệ sinh gì cả
G348,42337e0a5bd08343,286052,may-nuoc-nong,Máy bơm yếu. Nóng chậm.
G349,cdd946d686dcdea8,329628,may-say-quan-ao,"mau khô đồ ,trời ẩm rất cần"
G350,fe907bbbfe45c88c,202857,tu-lanh,"Mơi dùng 1 tuần chưa đánh gia đc, cảm nhận tốt"
G351,7317399812c30362,268452,quat,"Số 1,Chạy tít quá, Chạy số to nhất cắt gió hơi ù"
G352,60fbb63bfff77abf,310253,may-say-quan-ao,"Cảm quan là khá ok với tầm tiền này, sấy đồ khô rong dù là ctrinh 1 tiếng. Tuy nhiên các chi tiết nhựa lẫy cửa, hộp bụi vải hơi đểu đểu, ko biết dùng lâu dài có giòn hỏng ko"
G353,e2bc7178f5abd9ff,311458,may-loc-nuoc,Xài ok lắm nên mua nhé mn
G354,a0e278f45501fc7e,321382,may-lanh,"máy lạnh nhanh và sâu, mới dùng thấy OK"
G355,2e5ef9ecd158dca1,286051,may-nuoc-nong,"Chất lượng máy tốt nhưng dịch vụ lắp đặt quá kém, thiếu thẩm mỹ"
G356,5dac0d543aafd61c,321978,quat-dieu-hoa,"Rất tiếc tôi mua onl nên k đến xem quạt trước, khi cho nước vào phải đổ ở trên xuống. Nhà sx không thiết kế cửa bên dưới cạnh thùng chứa nước thì tiện hơn"
G357,9d2385e2e841742b,296264,may-giat,Mới mua ngày 2/5 .giặt sao kêu quá.còn lại thì êm. Nhờ bên kỹ thuật tư vấn dùm.
G358,23882e271dc0611b,304189,tu-lanh,"Tủ thi thoảng kêu to, liên hệ với tôi, cần bảo hành"
G359,30f81601d765f388,320996,quat-dieu-hoa,Quạt mua it khi su dung. Ma quạt số 1 no keu phát ra tiếng quá ồn
G360,faad103af1fa80ec,217655,noi-com-dien,"Nấu cơm chín k đều,chỗ khô chỗ nhão thui thì tiền nào của nấy nên ráng chấp nhận,dùng dc mới 6 tháng thì đáy nồi phía trong bị tróc lớp chống dính,thật sự quá tệ nên mọi người có muốn mua nồi này thì cân nhắc nhé,chứ e thì e thấy hối hận rồi"
G361,1a49778cb5e58f52,304773,noi-chien-khong-dau,Sp mẫu mã đẹp khá nhanh sẽ ủng hộ thêm
G362,17345388304acbc6,310253,may-say-quan-ao,Máy sử dụng tốt.nên mua
G363,024c073cf9e45490,296264,may-giat,"máy đẹo, thiết kế và công nghệ hiện đại, mọi người nên mua sử dụng"
G364,58cf61152b12ddee,316864,lo-vi-song,"sản phẩm ok, làm nóng tốt, máy chạy êm"
G365,a8a25df3dd04ab7e,272138,quat-dieu-hoa,quạt quá tệ sư dụng chưa dc bao lâu đã bị lôi đèn cam ứng tự nhay các phím cam ứng nghe tit tit rât bưc bội bao hành 3 lân lây di giao vê vân vậy lai lay di bao hành chưa dùng dc bao lâu thời gian lây di bảo hang đi đi vê vê 15 ngay bảo hanh vừa trả lại hư quá that vong k biêt dụng từ gì đê diên ta hêt quá bức xúc bao hành như k vô tri qua hàng bao hanh xong trả khách lạ hư
G366,70511a0e36ec607c,272138,quat-dieu-hoa,Rất ổn nha
G367,b5d8b1c7c5343ba3,121545,bep-hong-ngoai,"Không biết có bấm nút nấu thường được không , mình mở lên bấm nút nấu thường không được ,"
G368,5a604931398c12e7,320893,may-lanh,"Mới sử dụng thì thấy ok, chờ thời gian xem độ bền thế nào"
G369,a3673b6bcc8a9a70,278575,tivi,"Xài tốt, mẫu mã đẹp. Sẽ ủng hộ DMX"
G370,f5da37ee57291d3b,314221,may-hut-bui,Máy ồn dã man. Lực hút ko mạnh như quảng cáo
G371,4b207621460c708c,225323,may-nuoc-nong,Máy Sài ok
G372,131e499d97680a06,313393,may-giat,"Quá chán, chưa dùng cái máy nào tệ như này. Máy giặt thông minh mà ngu thì có, giặt rất mất công. Vắt thì bật chế độ vắt lại xả nước. Giặt lâu nữa ko sạch"
G373,95cde25921b1314e,329629,may-say-quan-ao,"máy xài ổn, tốt"
G374,c5ae0fe53511dcbf,304189,tu-lanh,Tủ lạnh tốt.....
G375,824d0a201afa421b,271723,may-loc-khong-khi,Không lọc được mùi gì cả
G376,1921709ef86f38d2,314221,may-hut-bui,hút bụi tí nóng máy ko hút được
G377,f3e795742de09891,322936,may-lanh,"Đang cần gấp cho bé sử dụng mà điện máy xanh bán hàng lỗi máy sử dụng 1 tuần, báo đến sữa chữa thì kêu đợi báo bên hãng xuống giải quyết, phải đợi thêm vài ngày hãng ktv của hãng thi hẹn đủ lý do để đổi ngày sữaTrong lúc đó phải tự ở nhà hứng nước hay sao Tin tưởng điện máy xanh mua hàng rất thất vọng"
G378,e0ccb408663ade5f,264374,robot-hut-bui,Sp rất tệ. Robot hay bị mất kết nối vs điện thoại. Độ thông minh rất kém. Tìm mãi không về dc chỗ sạc. Robot chỉ có thể lau dc ở không gian rộng có một vài cái bàn ghế là cứ lòng vòng mãi một chỗ. Độ ồn của robot lớn.
G379,56eb5ec87c07482c,286051,may-nuoc-nong,"Máy tốt, máy bơm chạy êm, nước nóng tốt, không bị sốc nhiệt khi bắt đầu mở vòi. Mẫu mẫ đẹp, thao tác dễ dàng. Tuy nhiên lực bơm nước của máy bơm trợ lực không mạnh như quảng cáo và lực bơm nước cũng chỉ ở mức bình thường. Dịch vụ kỹ thuật hỗ trợ khách hàng rất tốt và nhanh chóng, chu đáo và nhiệt tình."
G380,a38a2ae1ac9f85d2,299824,may-lanh,Máy sài rất ok phòng tầm 20m bao lạnh
G381,0ffc3d9d40043b1f,220325,tu-lanh,Rất tốt tu lạnh chạy êm nhân mua hàng hay hoi tro kĩ thuật điều nhiệt tình và dễ thương nên mua tủ lạnh Samsung ở điện máy xanh
G382,191040f25545effe,266729,bep-hong-ngoai,Bếp ko đạt tới công suất quảng cáo. Nấu hơi lâu
G383,811d4ef5d3def7c2,310434,may-giat,Vắt không khô vắt rất rung yêu cầu hỗ trợ
G384,ab884767a9ea26ec,225323,may-nuoc-nong,"Giá thay đổi liên tục,lúc vào xem thì 2tr490 Lúc mua thì 2tr790Xong đến lúc vào đánh giá thì 2tr490Máy có bơm nên khi dùng ò ò ù hết tai. Chẳng bằng máy rapido 990k bắt ở trọ nữa. Khó dùng mà điều chỉnh nước nóng cũng khó hơn. Bắt cho ba mẹ lớn tuổi mà mình còn thấy khó dùng. Biết thể dùng hãng rapido còn ổn hơn"
G385,ddc9dd5082a385d9,225323,may-nuoc-nong,"Bơm trợ lực ồn, mấy ngày đầu xài còn nóng, máy xài mấy ngày sau đã hư , nước ko nóng"
G386,32b4e40268fbb498,225858,tu-lanh,Tủ lạnh mua ở Điện Máy Xanh quá tốt và được lắp đặt cũng như tư vấn bảo hành tuyệt vời nhiệt tình. Môi người hãy mua ở Điện Máy Xanh nhé
G387,b4d52387af3624c2,322936,may-lanh,"Hôm nay mình đã nhận được đơn hàng máy lạnh. Nhưng mình thực ko hài lòng nhân viên giao hàng và lắp đặt quá bài trò. Mình hy vọng sau này thế giới di động nên xem lại, mặc dù t vẫn vui vẻ cho tiền cf a ấy thêm 70k. Bên cạnh đó, nhớ bắt luôn dùm cái remote máy lạnh mà đem cái khoang bê tông khoang làm nứt luôn tường của người ta. Ban đầu thì kêu ko giao được thì trả thêm 200k phí trả về, lắp thì bày vẻ tiền phát sinh. QUÁ TỆ"
G388,4491c4940222fdef,291689,tu-dong,tủ hoạt động bình thường
G389,3592b80e6f4c5943,217655,noi-com-dien,Cơm bị cháy
G390,5cda4b0840b00928,272138,quat-dieu-hoa,"quạt dùng được vài hôm là lỗi cảm ứng sáng hết đèn. cắm điện tự bật , còn tự bấm thì ko chạy nhân viên dmx nhiệt tình tư vấn hàng kém chất lượng"
G391,0f3d5688c282b805,239277,tu-lanh,"Thật sự chán, vòi nước thì rỉ nước, khi trời mưa thì có hiện tượng đổ mồ hôi, tiechs tụ nước trên cánh tủ, phải lau đi, bảo hành thì cứ bảo sử dụng đi rồi khi chảy thì gọi nữa, nói 1 hồi thì nói phụ kiện ngoài hãng ko hỗ trợ đổi, tui mệt mỏi với cái dụ này mất."
G392,498f1a4fb6813d8e,299824,may-lanh,Không có thợ lắp ráp
G393,a90b9e131d6fa220,152969,noi-com-dien,"Sản phẩm mình dùng được 2 tuần, khe hở của nắp và nồi ngày càng hiện rõ. Có cách nào khắc phục không, cảm ơn ĐMX"
G394,eeb46ac99bdb29e0,283212,lo-vi-song,hàng chất lượng ổn nhanh tốt
G395,e995c2231e1dc31e,310434,may-giat,"Mới lắp máy hôm nay, giặt thử nhưng ồn và rung lắc nhiều. Không biết có phải do máy không"
G396,2a45466816379e2e,266729,bep-hong-ngoai,Bếp trong quá trình sử dụng giờ bị nức kính thì có được bảo hành hay không
G397,fe03fb64d0db418b,302561,may-say-quan-ao,"Để sấy 3 tiếng nhưng vẫn có đồ bị ẩm, ko khô hoàn toàn. Máy không ồn, chạy êm."
G398,95b0d639640b4a5b,264374,robot-hut-bui,Đã dùng. Sạt lâu sài chưa dc 1 h báo hết pin. Nên cân nhắc khi mua
G399,7e096cb749136430,314221,may-hut-bui,Mới mua hôm trước 549 2 ngày sau 518k buồn thật
G400,6811810d3facf76f,320893,may-lanh,"Đã mua máy ngày 2/4, giao hàng 3/4, hiện tại máy chạy yếu đề nghị trả mất phí. Nhân viên nói hôm nay 29/4 trả phí 20% nhưng không có nhân viên do kẹt đơn nên xin dời lại 5/5 hỗ trợ và thu phí thành 30% do đổi trả quá 1 tháng, hôm nay báo chưa đủ 1 tháng. DMX lại dời lên thành 2 tháng để thu thêm phí, tôi thấy ko họp lý chút nào. Nên xem lại cách phục vụ khách hàng đi ạ. Gọi bào hành rất khó và giờ lại hẹn tiếp cho đến khi qua ngày đủ thành tháng thứ 2"
G401,4dcbfbc561658cc6,322936,may-lanh,"1. Dịch vụ lắp đặt Lắp đặt quá tệ, thời gian lắp quá lâu từ 11h trưa đến 16h chiều. Nhân viên cố tình cắt hụt 1,5M ống đồng, lắp điều hòa sai vị trí, tháo giàn nóng ra 2 lần rồi làm xước mặt tản nhiệt. Cố tình bỏ qua công đoạn hút chân không, đến khi gọi tổng đài nhân viên mới cầm máy hút đến. Nhân viên không đủ hiểu biết về kỹ thuật, hút chân không chống đối 2 phút Tối thiểu phải 10p và kiểm tra áp suất âm. Mặt lạnh lắp giá sắt đè dây điện nên hở to, mặc dù tường ốp nhựa phẳng. Tấm lọc nhỏ bị bỏ qua, yêu cầu thì mới lắp.2. Dịch vụ Điện Máy Xanh Trên quảng cáo có ghi Tặng bộ combo 5 mét ống đồng dày 0.7mm + Dây điện đôi + ống nước mềm + băng keo + ốc vít trị giá 850,000đ Thực tế thì vẫn mất tiền 5m dây điện, lý do là dây nguồn ở cục nóng. Miễn phí công lắp đặt và hút chân không trị giá 450,000đ. Thực tế vẫn mất 150k tiền khoan thẩm mỹ Không báo giá trước xong mới thấy thu thêm tiền. Hút chân không thì nhân viên không mang máy và bảo không cần.3. Điều hòa Daikin mình không có gì chê về chất lượng.Mua ở đây giá cao hơn tưởng hưởng dịch vụ tốt mà lại mang bực vào thân."
G402,9a971f778d18bc53,251691,noi-chien-khong-dau,Khá ổn nha.mn nên thử mua vì nó giá tốt
G403,c550a29b288416fa,310253,may-say-quan-ao,"Mình sấy dc vài lần thấy sấy ok. Muốn sấy khô dc quần áo thì phải giặt và vắt hết nước từ trước, sau đó cho vào máy, chọn chế độ sấy tăng một chút là khô rang. Chế độ sấy nhanh không khô lắm. Tạm ổn so với giá tiền"
G404,c4b668dee770f49a,202857,tu-lanh,"Tủ đẹp, gọn và sang trọng"
G405,03c45a3714c76c5b,251691,noi-chien-khong-dau,Nồi có mùi nhựa rất khó chịu khi sử dụng
G406,f19e9fe2e1fdd708,242719,may-hut-bui,Máy k hút được tóc
G407,b8810e863acbd70b,281936,tivi,"Mới mua 1 năm hơn hư màn hình rồi dù ko va đập hay rớt,kêu bảo hành thì nói vô nước tivi trong nhà chứ đem ra ngoài mưa đâu mà bảo lí do khó thiết phục ghê"
G408,830f755f3c39bd0c,264374,robot-hut-bui,"Chổi phụ yếu quăn queo và rối, cháy, động cơ khá yếu và hay kẹt. App có cũng như không."
G409,b688f012e6d1eae5,225858,tu-lanh,San pham moi mua dung tot. Con lau dai chua biet the nao
G410,b66c64cfbc396526,220325,tu-lanh,"Mua về 1 ngày mà cắm điện vô kêu e e,hai bên hông tủ lạnh nóng"
G411,95cec303552e0802,271723,may-loc-khong-khi,Sản phẩm ổn trong tầm giá...đáng mua
G412,a0b1dcf492ccddad,311367,tivi,Tốt về giá và chất lượng
G413,9ef57c81c10516d4,202857,tu-lanh,Tủ mới mua được 3 ngày. Ngày đầu tiên ngăn đông và ngăn lạnh không đều. Gọi hỏi nv bảo hành thì ầm ờ. Lúc đó tủ có hđ lại nên mình để theo dõi xem có thay đổi không. Từ ngày thứ 2 đến ngày thứ 3 tủ bị kêu tiếng như gà mắc tóc tiếng kêu rất khó chịu. Mong dmx hỗ trợ bảo hành. Ngoài tiếng kêu thì còn việc ngăn mát lạnh rất chậm mặc dù mình có làm theo hướng dẫn của anh giao hàng. Sẽ đánh giá lại nếu nhận được sự giải thích và bảo hành của nhân viên.
G414,29c256e31e6dc146,286052,may-nuoc-nong,Đã mua 2 cái.. cả 2 nước đầu ra quá yếu.. không biết có trả lại được không
G415,da53f6c92cd9a17f,199117,quat-dieu-hoa,"Mình ít khi nào đánh giá tệ spham lắm mà phải nói đợt này thấy thất vọng dã man. Mới mua tối hôm qua. Sài gòn nóng dữ thần vậy hả ta, sao mà cái quạt này nó còn không mát bằng quạt thường nhỉ. Anh chồng nằm ngủ mà vã mồ hôi thấy thương. Quạt chế độ ngủ kêu ầm ầm, lúc mạnh lúc yếu, kho chịu vô cùng. Trong hộc chứa nước thì có gì như rêu ấy, mà đâu gỡ ra vệ sinh được. Chỉ muốn mau tan làm để trả lại máy"
G416,8105687ff99da13d,268452,quat,Lúc kéo quạt lên cao nhất thì chân quạt nó bị rung và tạo ra tiếng kêu hơi lớn
G417,77341e92e33c2bfb,303100,may-loc-khong-khi,Đèn đẹp. Cảm giác thay đổi môi trường không khí chưa rõ rệt. Khi cắm điện không có đèn led bật sẵn hơi bất tiện.
G418,a7c56aa0111ec43b,264374,robot-hut-bui,Máy hay bị lỗi
G419,80a52ab9974a4e9f,286051,may-nuoc-nong,"Nước không nóng, thấy có bơm trợ lực mà yếu xìu. Chạy ồn như cái máy cài. Biết thế ko mua"
G420,a96488019f35e261,291689,tu-dong,Sản phẩm khi dùng có nước đọng trên thành tủ. Đóng băng 4 mặt bên trong tủ
G421,714e23284798b9f6,271888,bep-hong-ngoai,Bề mặt muốn vệ sinh sạch sẽ dễ dàng thì làm ntn ạ?
G422,4219657393453240,286051,may-nuoc-nong,"Mới mua hôm nay 8/5 mà sao nước chảy yếu quá. Loại này có bơm trợ lực sao nước vẫn yếu. Cái vòi nước theo máy thì tia nhỏ quá, tắm khg đã, đổi vòi khác thì áp lực nước quá yếu."
G423,09187b7fb98f131c,281936,tivi,"màu nhạt lắm, đôi khi trời nắng mà ở trong nhà xem tivi là choá k thấy gì luôn. mài sắc thua Sony và LG nhiều."
G424,60aada6a53ff73d9,271888,bep-hong-ngoai,"Sao bếp đã tắt rồi nhưng đèn vẫng nháy, chỉ khi rút phím cấm ra mới hết. Ko biết là lỗi hay bếp nó vậy"
G425,9312d58b81d2ae33,225858,tu-lanh,tủ mới dao hôm qua cắm điện chạy đến hôm nay chũa thấy nghỉ đá đã đông cứng mà tủ chạy 24/24 mong dc hỗ trợ
G426,ece969337c5a94c7,320893,may-lanh,"Vừa ráp máy xong cục nóng bị hư, gọi bảo hành xuống nói thay lại cục khác. Chờ cả tuần gọi hơn 10 cuộc cho bên bảo hành cả chăm sóc khách hàng không thấy phản hồi gì cả. Dịch vụ quá tệ, mua online không biết ai khiếu nại...rất bức xúc"
G427,100d79eb535a991c,321382,may-lanh,Máy mới lắp mà vẫn nghe ồn ở 2 dàn
G428,436572af44ee65f8,212156,lo-vi-song,Đồ dùng sài tốt
G429,028b41e0e8235b6f,271886,bep-hong-ngoai,dùng được 2 tháng 2 lần vỡ kiếng.nấu xong tự dưng kiếng nứt vỡ.
G430,a0e438dc60dd2811,251691,noi-chien-khong-dau,Nồi nướng hôi mùi nhưa rất khó chịu
G431,e9e6f5b22428e379,152969,noi-com-dien,Lúc nhận hàng mình quên kiểm tra. Mở thùng ra thì thấy nồi bị móp 1 bên
G432,51d6f07a50ef8bf7,314932,may-loc-nuoc,sài rất ok nhé mọi người nên mua. giá tốt nữa
G433,82de0a3b27bfe619,311367,tivi,Mình cần liên hệ để hỗ trợ tải ứng dụng K+ về mà ko cần dùng box. TV này có Android và CH Play để tải ko
G434,021b78a7212c8d0f,233473,bep-tu,"Mới mua về thử nấu thì nghe âm thanh to quá, nghe ồn khó chịu"
G435,35a645d5a1a9c988,157525,may-hut-bui,Hàng sử dụng tốt. Luôn yên tâm về chất lượng của DMX
G436,8fd26711dd7764ff,203417,noi-com-dien,"Nồi cơm nấu ít hơi lắm , cho nên cơm ăn ko ngon"
G437,000d6b57f88dd0d5,286051,may-nuoc-nong,Sp bình thường. Không có gì khen cũng chẳng chê gì. Đang lắp máy nước nóng bơm nhiệt. Nên dùng chống cháy ít hôm. Xong gọi trả hàng theo chính sách dmx.
G438,23199d902fe976d9,268448,quat,"Quạt chạy êm, không ồn. Mở số 3 to nhất cũng chỉ hơi ù ù thôi. Văn phòng có dán phim kính chống nóng nên lúc mở điều hòa còn khỏi cần bật quạt vì quá mát."
G439,e031c13ad831ea51,157525,may-hut-bui,"Đã dùng được 3 năm rồi, sản phẩm rất tốt. Tôi muốn hỏi chỗ mua bộ màng lọc của máy ở đâu. Cám ơn"
G440,44a6b09feef45dd6,299824,may-lanh,Cân nhắc khi mua hãng này tiền nào của đấyMua cái máy 5tr tới lúc hư sửa 2tr5 Thà bỏ tiền cao sí mua cái ngon mà dùng lâu dàiChế độ bảo hành như cc. Mn nên căn nhắc. Ống đồng thì dỏm dùng 2 năm tự hư sì ga lúc thay báo giá trên mây
G441,6807036cbc4da684,152969,noi-com-dien,giá rẻ mà chất lượng thì quá OK rùi nấu cơm chín nhanh lắm chỉ mất 30 ph là có cơm ăn rùi
G442,b0e1a6935a6db072,320893,may-lanh,"Tệ, k lạnh."
G443,cfc5387936a6391f,203417,noi-com-dien,"Nồi bị lổi , nhân viên hổ trợ đổi mới giao tận nơi . Nói chung tạm hài lòng"
G444,5a43162f0d3647ac,320996,quat-dieu-hoa,"Máy rất tốt , chạy êm , mát nhe shop"
G445,b78b201eae9fe58f,320893,may-lanh,Đặt hàng cọc cả tuần ko thấy bên nào gọi hay giao
G446,ac9d1a1466f20c0f,266729,bep-hong-ngoai,Biếp mua về lâu nóng hơn so với các biếp khác
G447,43d7106f50d7d452,189688,noi-com-dien,Tôi mới mua được 3 tháng giờ cắm điện không vào điện bực hết cả mình
G448,aaa5d22df3fb5271,320893,may-lanh,"Chạy êm, mát"
G449,be151ca782593652,299824,may-lanh,Mới đầu làm lạnh chưa nhanh
G450,8157b4b19e391375,320893,may-lanh,Có cái máy lạnh mà gọi quài khiếu nại liên tục mà không cho được hướng giải quyết nào hết. Mua về không xài được thì phải làm sao giải quyết cho khách hàng chứ bỏ lơ khách luôn là sao. Mua 11/5 mà tới nay không dùng được kêu nhân viên xuống không xử lí dc. Bây giờ tôi cần câu trả lời là có xử lí cho tôi hay không
G451,17662c1fd49ad923,286052,may-nuoc-nong,Máy nước nóng Sài ngon nhan viên tư vấn nhiệt tình mới mua song có người vô lap liền
G452,fa906e788236e710,286052,may-nuoc-nong,Máy dùng ổn nhưng nươc hơi và bơm yếu
G453,4d2ee7cee4b775cd,321382,may-lanh,Mang tiếng máy pana mà cục nóng kêu như máy bay phản lực. Lại còn bị rè nữa chứ. K biết giao có đúng k thấy cục nóng 1 mã cục lạnh 1 mã
G454,b1c3a7abbb50face,314932,may-loc-nuoc,Nước nóng thì nóng thiệt . Nhưng nước lạnh không lạnh lắm. Chỉ hơi mát. Mọi người nên cân nhắc sản phẩm này .
G455,594b550f7b779cca,313658,may-giat,"Máy bị lỗi, không xả nước, mong sớm được hỗ trợ"
G456,5db20354280d3959,251691,noi-chien-khong-dau,Sử dụng chưa có vấn đề gì mọi thứ ok
G457,1db40192208b4623,220326,tu-lanh,"Tủ vừa mua chạy 1 ngày mà kêu o o o rất khó chịu, tôi cần liên lạc gấp để được giải quyết nhanh nhất."
G458,e94b5e84f72cb20e,286051,may-nuoc-nong,Máy nước nóng ổn định sử dụng tốt
G459,01fcb23e23a77271,266729,bep-hong-ngoai,Bếp cũng được e ak
G460,e542185a98141e7d,321382,may-lanh,Mua đề là tặng 5m ống đồng mà lắp có 2.5m trong khi tối thiểu là 3m. Cần lời giải thích với 2m5 còn lại vs lại giờ tôi cần dời vị trí thì 2m5 còn lại này tính sao
G461,5d20c1cdc79f1ddf,337726,tivi,"tivi tốt nhưng âm thanh chưa được hay so với tivi samsung, chấm được 4 sao"
G462,95acfac07901c500,203417,noi-com-dien,nồi chị nấy mà vẫn bị sém cơm
G463,1bbd642cf199db37,232142,may-say-quan-ao,Mới mua. Dùng thử 60p thấy khá ok
G464,4fc4aaee486dd7f9,220325,tu-lanh,Tủ lạnh ổn định tốt
G465,5811e7d8652dd591,268452,quat,Gửi hàng mà khó hết lấy hàng trưng bày cũng OK cho rồi mà lại hư 1 nút bấm. Khá là khó chịu dù cửa hàng có bảo là có hàng sẽ gửi đổi. Nên thôi k nhận luôn. Hủy đơn luôn
G466,c984540a365c0c38,271888,bep-hong-ngoai,Sao lúc nấu ngoài tiếng của bếp ra còn có tiếng rắc rắc như z có bình thường ko
G467,364c78042f96f5b5,299824,may-lanh,Mn cho mh hỏi máy lạnh này là có chế độ tiết kiệm điện trên remot là khi sử dụng mình phải bấm nút đó nó mới tiết kiệm điện hả
G468,a612884ba2812531,220325,tu-lanh,Tủ lạnh giao 19h ngày 7/4/2023 22h ghim điện .. ngày 8/4/2023 bỏ rau vô ..9/4 rau chín hư hết ..ngăn đông thì đóng tuyết...hai bên tủ bên ngoài thì rất nóng Được 1 cái là Tủ lạnh hoạt động êm.. không phát ra tiếng ồn .
G469,f8cdf15e2cd977d8,296264,may-giat,"Tạm ổn thôi nha mọi người. Mình đã xài 1 con Toshiba đới 2018, 2019 gì đó cũng 9kg, cũng truyền động trực tiếp, cực êm luôn, lúc giặt thì chỉ nghe tiếng nước nếu ghé tai sát lại máy giặt. Sấy thì cũng cực êm.Còn con này thì trời ơi, lúc giặt mỗi lần nó quay là có tiếng rít. Sấy thì ồn ào, nghe rõ luôn, phòng kín cứ ồ ồ lỗ tai."
G470,631fb570c5c21fb1,152969,noi-com-dien,"Mình ko biết do mua hàng giảm giá nên hàng kém chất lượng hay thật sự hàng đã kém chất lượng từ lâu… Nồi mới cách 5ph nhảy nút một lần phải đứng canh, lần đầu nấu ko để ý cứ chủ quan nồi mới sẽ ko có vấn đề. Đến khi quay lại gạo vẫn còn nguyên hạt, mua phải đổi tận 2 lần… nên mình cho 2 sao (vì giao hàng và làm việc có tâm) còn chất lượng sản phẩm thì tệ"
G471,c92aebe937aa23d0,202857,tu-lanh,Tủ dùng hơn năm đã hư điện bảo hành k xuống sửa đc dịch tả buồn sản phẩm này chất lượng không được tốt
G472,9514e89d469a368d,286051,may-nuoc-nong,Máy bơm quá yếu
G473,82a11bd7fa5e02e3,322936,may-lanh,Khoang gãy giá đỡ remot nhà mình
G474,a5652c24138dfc35,311367,tivi,"Smarth tệ hơn loại khác , hầu như ko tải được và xem,dùng 2 loại,,,được chiếu từ đt,ánh sáng ,âm thanh"
G475,701b44dd12b5bfc4,268448,quat,"Quạt nhỏ nhưng động cơ kêu quá ồn, đặc biệt là để trong phòng."
G476,13f79967366ab5f4,225858,tu-lanh,Mới xài nên cũng không biết bền hôn
G477,238b9ff6566b7b71,212156,lo-vi-song,Hài lòng về giá cả và chất lượng dịch vụ
G478,42d4eba56d2568d8,202857,tu-lanh,"Tôi không hài lòng chính sách bảo hành, đổi trả hàng của ĐMX. Tôi mua tủ ngày 12/7/21 tủ chạy êm, sử dụng bình thường nhưng đến ngày 17/7/21 ngăn mát không hoạt động nữa, ngăn đông chỉ làm mát chứ không làm đông được. Tôi gọi tổng đài bảo hành thì nv bên bảo hành đã qua kiểm tra, đã báo về hãng là tủ bị lỗi, yêu cầu bên hãng qua xác nhận lại lần nữa để đổi tủ mới cho tôi, do tôi mới sd có 5 ngày. Nhưng bên hãng thì ngâm hoài tới nay vẫn không chịu xử lý. Tôi báo tủ lỗi ngày 17/7 nay là 21/7 nhưng bên hãng vẫn chưa liên hệ xử lý. Trong thời gian này thực phẩm đang trữ bị hư hỏng hết. Bỏ tiền ra mua tủ lạnh về cắm vào cho tốn điện chứ không sd được nên rất khó chịu. Lúc bán hàng thì thu tiền nhanh gọn lắm nhưng đến khi có vấn đề thì ngâm hoài không chịu xử lý."
G479,f0ac329ade482611,311367,tivi,Mình đang sử dụng thấy rất OK Mình đã mua thêm 01 cái nữa
G480,31339e0dc5daffe1,322936,may-lanh,"Cục nóng máy lạnh lắp bị nghiêng sang một bên, không biết có ảnh hưởng độ bền không"
G481,13329acf969cc307,321382,may-lanh,Máy mua ngày 3/4 tới nay chưa đầy 1 tháng bật 18C chế độ cool nhưng vẫn không thấy lạnh. Cái máy Panasonic phòng kế bên mua cả năm bật 25C là đã thấy lạnh. Cảm thấy thất vọng
G482,922c29a7444360b2,291689,tu-dong,Mình cửc thích tủ cấp đông này
G483,6426a62c1dc45aaa,274785,tu-dong,Tôi mua tủ mới nhưng có vết xước rất dài giữa lòng tủ. Nhân viên báo đợi 2 tuần nữa tủ mới khác đang trên đường về để đổi. Sau 2 tuần thì nhân viên báo mã tủ hết hàng. Hi vọng là trong quá trình sử dụng tủ không bị lỗi. Cũng mong ĐMX lần sau kiểm tra kỹ hàng hoá trước khi giao cho khách.
G484,ccce8298f34c5e36,286051,may-nuoc-nong,"Khuyên mọi người không nên mua nếu nước cấp vào không mạnh, nhất là lúc cần tắm 17h-19h nước yếu thì không nên mua, máy này không có công tắc bật bơm tăng áp nên máy sẽ không hoạt động được, đòi hỏi phải có nước tương đối mạnh thì máy mới chạy, máy này chỉ được 1 sao do bơm chạy êm, còn lại tệ thực sự, chỉ nên mua máy có công tác bật bơm chủ động thôi, chỉ đáng 1 sao"
G485,23cade495876f8f3,291689,tu-dong,ngăn mát bị đóng tuyết
G486,7cedfdb675984dcc,251691,noi-chien-khong-dau,Tôi rất hài lòng về sản phẩm này
G487,8b9e528a777a18b3,296264,may-giat,"Sao mình bỏ nước giặc và nước xả vải chung, bấm nút, 2 hộc đó trộn lẫn đổ hết vào lồng giặc khi giặc,Không tách ra được, nước giặc trước, giặc xong mới xả, nên sau khi giặc xong, đồ không thơm tí nàoĐMX liên hệ hỗ trợ lại giúp mình phần này nhé"
G488,26c1f4c4649c3c1e,199064,may-loc-khong-khi,Không lọc được mùi.. có như k à
G489,46b7e957eddf17d7,272138,quat-dieu-hoa,"Mua được 5 tháng , không Sài 1,5 tháng , hư 1 tháng mà k báo bên điện máy xanh được vì bận và cũng báo trên áp để bên sữa chữa đến sữa nhưng cứ hẹn gọi đến lần t3 mới có ng đến , đến nói hư cụt máy gì bên trong mình quên r , nhưng bên sữa chữa điện báo cái cụt đó trong quá trình vận chuyển bị máy cái tem bảo hành bắt mình phải trả 680k mới sữa mà trong khi đó vận chuyển lại là bên cửa hàng , gọi khiếu nại , r bắt mình chờ gần 1 tháng , r xong lại trả về k sửa vì mình k chịu đống tiền để sửa , vậy cưu chờ làm gì , bảo hành cái gì giờ mình phải tự đi sửa"
G490,5f682daad8eede02,313393,may-giat,Đã hoàn thành 1 lần giặt và muốn máy vắt thêm lần nữa cho đồ khô thì máy giặt lại đỗ thêm nước vô thành U19 T chỉ chọn chế độ máy xoay cho khô đồ thôi lại quay lại bước thêm nước vô để vắt cũng như không.
G491,bebe9968ea479d2f,202857,tu-lanh,Ngăn mát mà không mát AD min ơi đi làm suốt tối mới về nên chưa chở đi bảo hành được
G492,6fe77c7702286bdb,322936,may-lanh,"Tôi mua máy lần thứ hai, máy dùng tốt lần đầu nhân viên lắp đặt rất cẩn thận và chu đáo nhiệt tình.mua lần 2 nhân viên lắp đặt quá cầu thả, làm bừa bộn không thu rọn sạch sẽ lại thu thêm tiền khoan tường để luồn ống tôi thắc mắc không hiểu kiểu gì, không hút chân không nữa nói chung nhân viên lắp đặt quá kém , quá thất vọng"
G493,51a037b2ee4fdabe,272138,quat-dieu-hoa,"Mua được khoản 33 ngày thì hỏng, gọi bảo hành thì đến mang đi tới tận bây giờ tầm khoản 2 tháng, gọi ĐMX bảo chuyển bộ phận bảo hành, rồi bộ phận bảo hành lại nói em sẽ liên hệ anh sau, từ khi nào ĐMX thiếu trách nhiệm với khách hàng như vậy, trong khi mình đã mua hàng rất nhiều, chất lượng ngày càng đi xuống, thiếu chuyên nghiệp. Mong quý lãnh đạo xem xét mất khách hết ạ!!!"
G494,002eb6d557928726,264374,robot-hut-bui,"Máy hơi khờ, kêu to, k lưu bản đồ, ..."
G495,36537d9cd2df545b,316864,lo-vi-song,"Trước giờ mình chưa bao giờ mua hàng tai dmx, nay mua hàng lần đầu thục sự thất vọng vì hàng giao bị lỗi, đổi hàng mới lại bị tê điện khi chạm vào, thực sự thất vọng"
G496,d0713b4d5cbd8ff1,321382,may-lanh,"May chay êm , lanh , điêu khiên qua app nên rât tiên dung khi đi chơi vê bât tư xa trươc"
G497,f77ae55bee297c50,69080,lo-vi-song,Dễ dùng sp dùng rất Ok
G498,76b3e987b9021412,314932,may-loc-nuoc,"Mua trực tiếp tại cửa hàng về xài bên nóng nó k nóng gọi thợ xuống thì bên tư vấn hỏi đã bật bên nóng chưa nếu bật r mà nó nóng thì ngta gọi lên làm cái gì, xong báo địa chỉ rồi cũng hong ai lên luôn, giỡn hả trời"
G499,f272d46da8c41fee,227506,bep-hong-ngoai,Còn nguyên chưa dùng tới
G500,8742f8a3c3ed519f,314932,may-loc-nuoc,"Máy làm nóng nhanh, lạnh sâu,tiết kiệm điện ,còn tốt hay không thì chưa biết"
