model,is_reference,val_macro_f1,test_macro_f1,test_accuracy,test_macro_precision,test_macro_recall,test_precision_Negative,test_recall_Negative,test_f1_Negative,test_precision_Neutral,test_recall_Neutral,test_f1_Neutral,test_precision_Positive,test_recall_Positive,test_f1_Positive
Baseline (lớp đông nhất),False,0.2498,0.1647,0.328,0.1093,0.3333,0.0,0.0,0.0,0.0,0.0,0.0,0.328,1.0,0.494
BoW + NB,False,0.7308,0.5677,0.654,0.6077,0.6016,0.9461,0.5467,0.693,0.1145,0.3191,0.1685,0.7624,0.939,0.8415
BoW + SVM,False,0.7075,0.5812,0.682,0.6092,0.6281,0.994,0.5744,0.7281,0.1739,0.3404,0.2302,0.6598,0.9695,0.7852
TF-IDF + NB,False,0.7384,0.6329,0.742,0.6381,0.666,0.9474,0.6851,0.7952,0.1868,0.3617,0.2464,0.78,0.9512,0.8571
TF-IDF + SVM,False,0.7232,0.6255,0.734,0.6321,0.6623,0.9602,0.6678,0.7878,0.1954,0.3617,0.2537,0.7406,0.9573,0.8351
W2V + NB,False,0.6557,0.5829,0.646,0.6118,0.6318,0.8731,0.5952,0.7078,0.1748,0.5319,0.2632,0.7875,0.7683,0.7778
W2V + SVM,False,0.7171,0.571,0.616,0.6384,0.6362,0.9517,0.4775,0.6359,0.1453,0.5532,0.2301,0.8182,0.878,0.8471
PhoBERT,False,0.7813,0.632,0.714,0.6623,0.6831,0.9887,0.6055,0.7511,0.1692,0.4681,0.2486,0.829,0.9756,0.8964
"TF-IDF + NB, không bỏ stopword [tham khảo]",True,0.7487,0.6389,0.714,0.6625,0.6965,0.962,0.6125,0.7484,0.1923,0.5319,0.2825,0.8333,0.9451,0.8857
