review_id,text,text_seg,text_clean
10c541bbb00937d2,sản phẩm này thấy đc. hút sạch,sản_phẩm này thấy được . hút sạch,sản_phẩm thấy được hút sạch
82671d3d94c4e405,"Có tiếng kêu khi hoạt động, đã báo với DMX, nhung chưa có thời gian ra để xử lý bảo hành,","Có tiếng kêu khi hoạt_động , đã báo với điện_máy xanh , nhung chưa có thời_gian ra để xử_lý bảo_hành ,",tiếng kêu hoạt_động báo điện_máy xanh nhung chưa thời_gian xử_lý bảo_hành
e9808578e1c28677,Sài 2 tuần thấy chất lượng ổn so với kỳ vọng,xài 2 tuần thấy chất_lượng ổn so với kỳ_vọng,xài tuần thấy chất_lượng ổn so kỳ_vọng
b64835181e47b614,"Mình muốn mua aqua nhân viên tư vấn bảo toshiba oke hơn khuyên mình mua. Dùng mấy ngày rồi rất ồn, ồn k chịu được luôn ấy. Mình muốn hỗ trợ đổi tủ khác","Mình muốn mua aqua nhân_viên tư_vấn bảo toshiba ok hơn khuyên mình mua . Dùng mấy ngày rồi rất ồn , ồn không chịu được luôn ấy . Mình muốn hỗ_trợ đổi tủ khác",muốn mua aqua nhân_viên tư_vấn bảo toshiba ok hơn khuyên mua dùng ngày rất ồn ồn không chịu được luôn muốn hỗ_trợ đổi tủ khác
5b1971ec2f7fdb8a,xài êm ko bị ồn như máy có bơm,xài êm không bị ồn như máy có bơm,xài êm không bị ồn máy bơm
b899d2426464550d,"Khi mua hàng các bạn nên chú ý hỏi kỹ những gì ghi trên bảo hành 1 đổi 1 nha. Điện Máy Xanh Gò Vấp đã đổi máy nước nóng mới,cám ơn.","Khi mua hàng các bạn nên chú_ý hỏi kỹ những gì ghi trên bảo_hành 1 đổi 1 nha . Điện_Máy_Xanh Gò_Vấp đã đổi máy nước nóng mới , cảm_ơn .",mua hàng nên chú_ý hỏi kỹ ghi bảo_hành đổi điện máy xanh gò_vấp đổi máy nước nóng cảm_ơn
ea16adf41ed3287f,Cũng được chứ không ra gì,Cũng được chứ không ra gì,cũng được chứ không
91e04b0b44d36929,"mua dùng ổn, máy chạy bình thường chưa thấy vấn đề gì.","mua dùng ổn , máy chạy bình_thường chưa thấy vấn_đề gì .",mua dùng ổn máy chạy bình_thường chưa thấy vấn_đề
aac2a896e2f5e3fc,Quạt hơi ồn. Tối ngủ cứ kêu o o gây khó chịu,Quạt hơi ồn . Tối ngủ cứ kêu o_o gây khó_chịu,quạt hơi ồn tối ngủ kêu o_o gây khó_chịu
7c3a8d12258559c8,"Sản phẩm tốt, đẹp. Không kén nồi, mọi người nên dùng thử. Hàng điện máy xanh chất lượng và bảo hành ok","Sản_phẩm tốt , đẹp . Không kén nồi , mọi người nên dùng thử . Hàng điện_máy xanh chất_lượng và bảo_hành ok",sản_phẩm tốt đẹp không kén nồi mọi người nên dùng thử hàng điện_máy xanh chất_lượng bảo_hành ok
